position,frequency
0,0.0
1,10.7666015625
2,21.533203125
3,32.2998046875
4,43.06640625
5,53.8330078125
6,64.599609375
7,75.3662109375
8,86.1328125
9,96.8994140625
10,107.666015625
11,118.4326171875
12,129.19921875
13,139.9658203125
14,150.732421875
15,161.4990234375
16,172.265625
17,183.0322265625
18,193.798828125
19,204.5654296875
20,215.33203125
21,226.0986328125
22,236.865234375
23,247.6318359375
24,258.3984375
25,269.1650390625
26,279.931640625
27,290.6982421875
28,301.46484375
29,312.2314453125
30,322.998046875
31,333.7646484375
32,344.53125
33,355.2978515625
34,366.064453125
35,376.8310546875
36,387.59765625
37,398.3642578125
38,409.130859375
39,419.8974609375
40,430.6640625
41,441.4306640625
42,452.197265625
43,462.9638671875
44,473.73046875
45,484.4970703125
46,495.263671875
47,506.0302734375
48,516.796875
49,527.5634765625
50,538.330078125
51,549.0966796875
52,559.86328125
53,570.6298828125
54,581.396484375
55,592.1630859375
56,602.9296875
57,613.6962890625
58,624.462890625
59,635.2294921875
60,645.99609375
61,656.7626953125
62,667.529296875
63,678.2958984375
64,689.0625
65,699.8291015625
66,710.595703125
67,721.3623046875
68,732.12890625
69,742.8955078125
70,753.662109375
71,764.4287109375
72,775.1953125
73,785.9619140625
74,796.728515625
75,807.4951171875
76,818.26171875
77,829.0283203125
78,839.794921875
79,850.5615234375
80,861.328125
81,872.0947265625
82,882.861328125
83,893.6279296875
84,904.39453125
85,915.1611328125
86,925.927734375
87,936.6943359375
88,947.4609375
89,958.2275390625
90,968.994140625
91,979.7607421875
92,990.52734375
93,1001.2939453125
94,1012.060546875
95,1022.8271484375
96,1033.59375
97,1044.3603515625
98,1055.126953125
99,1065.8935546875
100,1076.66015625
101,1087.4267578125
102,1098.193359375
103,1108.9599609375
104,1119.7265625
105,1130.4931640625
106,1141.259765625
107,1152.0263671875
108,1162.79296875
109,1173.5595703125
110,1184.326171875
111,1195.0927734375
112,1205.859375
113,1216.6259765625
114,1227.392578125
115,1238.1591796875
116,1248.92578125
117,1259.6923828125
118,1270.458984375
119,1281.2255859375
120,1291.9921875
121,1302.7587890625
122,1313.525390625
123,1324.2919921875
124,1335.05859375
125,1345.8251953125
126,1356.591796875
127,1367.3583984375
128,1378.125
129,1388.8916015625
130,1399.658203125
131,1410.4248046875
132,1421.19140625
133,1431.9580078125
134,1442.724609375
135,1453.4912109375
136,1464.2578125
137,1475.0244140625
138,1485.791015625
139,1496.5576171875
140,1507.32421875
141,1518.0908203125
142,1528.857421875
143,1539.6240234375
144,1550.390625
145,1561.1572265625
146,1571.923828125
147,1582.6904296875
148,1593.45703125
149,1604.2236328125
150,1614.990234375
151,1625.7568359375
152,1636.5234375
153,1647.2900390625
154,1658.056640625
155,1668.8232421875
156,1679.58984375
157,1690.3564453125
158,1701.123046875
159,1711.8896484375
160,1722.65625
161,1733.4228515625
162,1744.189453125
163,1754.9560546875
164,1765.72265625
165,1776.4892578125
166,1787.255859375
167,1798.0224609375
168,1808.7890625
169,1819.5556640625
170,1830.322265625
171,1841.0888671875
172,1851.85546875
173,1862.6220703125
174,1873.388671875
175,1884.1552734375
176,1894.921875
177,1905.6884765625
178,1916.455078125
179,1927.2216796875
180,1937.98828125
181,1948.7548828125
182,1959.521484375
183,1970.2880859375
184,1981.0546875
185,1991.8212890625
186,2002.587890625
187,2013.3544921875
188,2024.12109375
189,2034.8876953125
190,2045.654296875
191,2056.4208984375
192,2067.1875
193,2077.9541015625
194,2088.720703125
195,2099.4873046875
196,2110.25390625
197,2121.0205078125
198,2131.787109375
199,2142.5537109375
200,2153.3203125
201,2164.0869140625
202,2174.853515625
203,2185.6201171875
204,2196.38671875
205,2207.1533203125
206,2217.919921875
207,2228.6865234375
208,2239.453125
209,2250.2197265625
210,2260.986328125
211,2271.7529296875
212,2282.51953125
213,2293.2861328125
214,2304.052734375
215,2314.8193359375
216,2325.5859375
217,2336.3525390625
218,2347.119140625
219,2357.8857421875
220,2368.65234375
221,2379.4189453125
222,2390.185546875
223,2400.9521484375
224,2411.71875
225,2422.4853515625
226,2433.251953125
227,2444.0185546875
228,2454.78515625
229,2465.5517578125
230,2476.318359375
231,2487.0849609375
232,2497.8515625
233,2508.6181640625
234,2519.384765625
235,2530.1513671875
236,2540.91796875
237,2551.6845703125
238,2562.451171875
239,2573.2177734375
240,2583.984375
241,2594.7509765625
242,2605.517578125
243,2616.2841796875
244,2627.05078125
245,2637.8173828125
246,2648.583984375
247,2659.3505859375
248,2670.1171875
249,2680.8837890625
250,2691.650390625
251,2702.4169921875
252,2713.18359375
253,2723.9501953125
254,2734.716796875
255,2745.4833984375
256,2756.25
257,2767.0166015625
258,2777.783203125
259,2788.5498046875
260,2799.31640625
261,2810.0830078125
262,2820.849609375
263,2831.6162109375
264,2842.3828125
265,2853.1494140625
266,2863.916015625
267,2874.6826171875
268,2885.44921875
269,2896.2158203125
270,2906.982421875
271,2917.7490234375
272,2928.515625
273,2939.2822265625
274,2950.048828125
275,2960.8154296875
276,2971.58203125
277,2982.3486328125
278,2993.115234375
279,3003.8818359375
280,3014.6484375
281,3025.4150390625
282,3036.181640625
283,3046.9482421875
284,3057.71484375
285,3068.4814453125
286,3079.248046875
287,3090.0146484375
288,3100.78125
289,3111.5478515625
290,3122.314453125
291,3133.0810546875
292,3143.84765625
293,3154.6142578125
294,3165.380859375
295,3176.1474609375
296,3186.9140625
297,3197.6806640625
298,3208.447265625
299,3219.2138671875
300,3229.98046875
301,3240.7470703125
302,3251.513671875
303,3262.2802734375
304,3273.046875
305,3283.8134765625
306,3294.580078125
307,3305.3466796875
308,3316.11328125
309,3326.8798828125
310,3337.646484375
311,3348.4130859375
312,3359.1796875
313,3369.9462890625
314,3380.712890625
315,3391.4794921875
316,3402.24609375
317,3413.0126953125
318,3423.779296875
319,3434.5458984375
320,3445.3125
321,3456.0791015625
322,3466.845703125
323,3477.6123046875
324,3488.37890625
325,3499.1455078125
326,3509.912109375
327,3520.6787109375
328,3531.4453125
329,3542.2119140625
330,3552.978515625
331,3563.7451171875
332,3574.51171875
333,3585.2783203125
334,3596.044921875
335,3606.8115234375
336,3617.578125
337,3628.3447265625
338,3639.111328125
339,3649.8779296875
340,3660.64453125
341,3671.4111328125
342,3682.177734375
343,3692.9443359375
344,3703.7109375
345,3714.4775390625
346,3725.244140625
347,3736.0107421875
348,3746.77734375
349,3757.5439453125
350,3768.310546875
351,3779.0771484375
352,3789.84375
353,3800.6103515625
354,3811.376953125
355,3822.1435546875
356,3832.91015625
357,3843.6767578125
358,3854.443359375
359,3865.2099609375
360,3875.9765625
361,3886.7431640625
362,3897.509765625
363,3908.2763671875
364,3919.04296875
365,3929.8095703125
366,3940.576171875
367,3951.3427734375
368,3962.109375
369,3972.8759765625
370,3983.642578125
371,3994.4091796875
372,4005.17578125
373,4015.9423828125
374,4026.708984375
375,4037.4755859375
376,4048.2421875
377,4059.0087890625
378,4069.775390625
379,4080.5419921875
380,4091.30859375
381,4102.0751953125
382,4112.841796875
383,4123.6083984375
384,4134.375
385,4145.1416015625
386,4155.908203125
387,4166.6748046875
388,4177.44140625
389,4188.2080078125
390,4198.974609375
391,4209.7412109375
392,4220.5078125
393,4231.2744140625
394,4242.041015625
395,4252.8076171875
396,4263.57421875
397,4274.3408203125
398,4285.107421875
399,4295.8740234375
400,4306.640625
401,4317.4072265625
402,4328.173828125
403,4338.9404296875
404,4349.70703125
405,4360.4736328125
406,4371.240234375
407,4382.0068359375
408,4392.7734375
409,4403.5400390625
410,4414.306640625
411,4425.0732421875
412,4435.83984375
413,4446.6064453125
414,4457.373046875
415,4468.1396484375
416,4478.90625
417,4489.6728515625
418,4500.439453125
419,4511.2060546875
420,4521.97265625
421,4532.7392578125
422,4543.505859375
423,4554.2724609375
424,4565.0390625
425,4575.8056640625
426,4586.572265625
427,4597.3388671875
428,4608.10546875
429,4618.8720703125
430,4629.638671875
431,4640.4052734375
432,4651.171875
433,4661.9384765625
434,4672.705078125
435,4683.4716796875
436,4694.23828125
437,4705.0048828125
438,4715.771484375
439,4726.5380859375
440,4737.3046875
441,4748.0712890625
442,4758.837890625
443,4769.6044921875
444,4780.37109375
445,4791.1376953125
446,4801.904296875
447,4812.6708984375
448,4823.4375
449,4834.2041015625
450,4844.970703125
451,4855.7373046875
452,4866.50390625
453,4877.2705078125
454,4888.037109375
455,4898.8037109375
456,4909.5703125
457,4920.3369140625
458,4931.103515625
459,4941.8701171875
460,4952.63671875
461,4963.4033203125
462,4974.169921875
463,4984.9365234375
464,4995.703125
465,5006.4697265625
466,5017.236328125
467,5028.0029296875
468,5038.76953125
469,5049.5361328125
470,5060.302734375
471,5071.0693359375
472,5081.8359375
473,5092.6025390625
474,5103.369140625
475,5114.1357421875
476,5124.90234375
477,5135.6689453125
478,5146.435546875
479,5157.2021484375
480,5167.96875
481,5178.7353515625
482,5189.501953125
483,5200.2685546875
484,5211.03515625
485,5221.8017578125
486,5232.568359375
487,5243.3349609375
488,5254.1015625
489,5264.8681640625
490,5275.634765625
491,5286.4013671875
492,5297.16796875
493,5307.9345703125
494,5318.701171875
495,5329.4677734375
496,5340.234375
497,5351.0009765625
498,5361.767578125
499,5372.5341796875
500,5383.30078125
501,5394.0673828125
502,5404.833984375
503,5415.6005859375
504,5426.3671875
505,5437.1337890625
506,5447.900390625
507,5458.6669921875
508,5469.43359375
509,5480.2001953125
510,5490.966796875
511,5501.7333984375
512,5512.5
513,5523.2666015625
514,5534.033203125
515,5544.7998046875
516,5555.56640625
517,5566.3330078125
518,5577.099609375
519,5587.8662109375
520,5598.6328125
521,5609.3994140625
522,5620.166015625
523,5630.9326171875
524,5641.69921875
525,5652.4658203125
526,5663.232421875
527,5673.9990234375
528,5684.765625
529,5695.5322265625
530,5706.298828125
531,5717.0654296875
532,5727.83203125
533,5738.5986328125
534,5749.365234375
535,5760.1318359375
536,5770.8984375
537,5781.6650390625
538,5792.431640625
539,5803.1982421875
540,5813.96484375
541,5824.7314453125
542,5835.498046875
543,5846.2646484375
544,5857.03125
545,5867.7978515625
546,5878.564453125
547,5889.3310546875
548,5900.09765625
549,5910.8642578125
550,5921.630859375
551,5932.3974609375
552,5943.1640625
553,5953.9306640625
554,5964.697265625
555,5975.4638671875
556,5986.23046875
557,5996.9970703125
558,6007.763671875
559,6018.5302734375
560,6029.296875
561,6040.0634765625
562,6050.830078125
563,6061.5966796875
564,6072.36328125
565,6083.1298828125
566,6093.896484375
567,6104.6630859375
568,6115.4296875
569,6126.1962890625
570,6136.962890625
571,6147.7294921875
572,6158.49609375
573,6169.2626953125
574,6180.029296875
575,6190.7958984375
576,6201.5625
577,6212.3291015625
578,6223.095703125
579,6233.8623046875
580,6244.62890625
581,6255.3955078125
582,6266.162109375
583,6276.9287109375
584,6287.6953125
585,6298.4619140625
586,6309.228515625
587,6319.9951171875
588,6330.76171875
589,6341.5283203125
590,6352.294921875
591,6363.0615234375
592,6373.828125
593,6384.5947265625
594,6395.361328125
595,6406.1279296875
596,6416.89453125
597,6427.6611328125
598,6438.427734375
599,6449.1943359375
600,6459.9609375
601,6470.7275390625
602,6481.494140625
603,6492.2607421875
604,6503.02734375
605,6513.7939453125
606,6524.560546875
607,6535.3271484375
608,6546.09375
609,6556.8603515625
610,6567.626953125
611,6578.3935546875
612,6589.16015625
613,6599.9267578125
614,6610.693359375
615,6621.4599609375
616,6632.2265625
617,6642.9931640625
618,6653.759765625
619,6664.5263671875
620,6675.29296875
621,6686.0595703125
622,6696.826171875
623,6707.5927734375
624,6718.359375
625,6729.1259765625
626,6739.892578125
627,6750.6591796875
628,6761.42578125
629,6772.1923828125
630,6782.958984375
631,6793.7255859375
632,6804.4921875
633,6815.2587890625
634,6826.025390625
635,6836.7919921875
636,6847.55859375
637,6858.3251953125
638,6869.091796875
639,6879.8583984375
640,6890.625
641,6901.3916015625
642,6912.158203125
643,6922.9248046875
644,6933.69140625
645,6944.4580078125
646,6955.224609375
647,6965.9912109375
648,6976.7578125
649,6987.5244140625
650,6998.291015625
651,7009.0576171875
652,7019.82421875
653,7030.5908203125
654,7041.357421875
655,7052.1240234375
656,7062.890625
657,7073.6572265625
658,7084.423828125
659,7095.1904296875
660,7105.95703125
661,7116.7236328125
662,7127.490234375
663,7138.2568359375
664,7149.0234375
665,7159.7900390625
666,7170.556640625
667,7181.3232421875
668,7192.08984375
669,7202.8564453125
670,7213.623046875
671,7224.3896484375
672,7235.15625
673,7245.9228515625
674,7256.689453125
675,7267.4560546875
676,7278.22265625
677,7288.9892578125
678,7299.755859375
679,7310.5224609375
680,7321.2890625
681,7332.0556640625
682,7342.822265625
683,7353.5888671875
684,7364.35546875
685,7375.1220703125
686,7385.888671875
687,7396.6552734375
688,7407.421875
689,7418.1884765625
690,7428.955078125
691,7439.7216796875
692,7450.48828125
693,7461.2548828125
694,7472.021484375
695,7482.7880859375
696,7493.5546875
697,7504.3212890625
698,7515.087890625
699,7525.8544921875
700,7536.62109375
701,7547.3876953125
702,7558.154296875
703,7568.9208984375
704,7579.6875
705,7590.4541015625
706,7601.220703125
707,7611.9873046875
708,7622.75390625
709,7633.5205078125
710,7644.287109375
711,7655.0537109375
712,7665.8203125
713,7676.5869140625
714,7687.353515625
715,7698.1201171875
716,7708.88671875
717,7719.6533203125
718,7730.419921875
719,7741.1865234375
720,7751.953125
721,7762.7197265625
722,7773.486328125
723,7784.2529296875
724,7795.01953125
725,7805.7861328125
726,7816.552734375
727,7827.3193359375
728,7838.0859375
729,7848.8525390625
730,7859.619140625
731,7870.3857421875
732,7881.15234375
733,7891.9189453125
734,7902.685546875
735,7913.4521484375
736,7924.21875
737,7934.9853515625
738,7945.751953125
739,7956.5185546875
740,7967.28515625
741,7978.0517578125
742,7988.818359375
743,7999.5849609375
744,8010.3515625
745,8021.1181640625
746,8031.884765625
747,8042.6513671875
748,8053.41796875
749,8064.1845703125
750,8074.951171875
751,8085.7177734375
752,8096.484375
753,8107.2509765625
754,8118.017578125
755,8128.7841796875
756,8139.55078125
757,8150.3173828125
758,8161.083984375
759,8171.8505859375
760,8182.6171875
761,8193.3837890625
762,8204.150390625
763,8214.9169921875
764,8225.68359375
765,8236.4501953125
766,8247.216796875
767,8257.9833984375
768,8268.75
769,8279.5166015625
770,8290.283203125
771,8301.0498046875
772,8311.81640625
773,8322.5830078125
774,8333.349609375
775,8344.1162109375
776,8354.8828125
777,8365.6494140625
778,8376.416015625
779,8387.1826171875
780,8397.94921875
781,8408.7158203125
782,8419.482421875
783,8430.2490234375
784,8441.015625
785,8451.7822265625
786,8462.548828125
787,8473.3154296875
788,8484.08203125
789,8494.8486328125
790,8505.615234375
791,8516.3818359375
792,8527.1484375
793,8537.9150390625
794,8548.681640625
795,8559.4482421875
796,8570.21484375
797,8580.9814453125
798,8591.748046875
799,8602.5146484375
800,8613.28125
801,8624.0478515625
802,8634.814453125
803,8645.5810546875
804,8656.34765625
805,8667.1142578125
806,8677.880859375
807,8688.6474609375
808,8699.4140625
809,8710.1806640625
810,8720.947265625
811,8731.7138671875
812,8742.48046875
813,8753.2470703125
814,8764.013671875
815,8774.7802734375
816,8785.546875
817,8796.3134765625
818,8807.080078125
819,8817.8466796875
820,8828.61328125
821,8839.3798828125
822,8850.146484375
823,8860.9130859375
824,8871.6796875
825,8882.4462890625
826,8893.212890625
827,8903.9794921875
828,8914.74609375
829,8925.5126953125
830,8936.279296875
831,8947.0458984375
832,8957.8125
833,8968.5791015625
834,8979.345703125
835,8990.1123046875
836,9000.87890625
837,9011.6455078125
838,9022.412109375
839,9033.1787109375
840,9043.9453125
841,9054.7119140625
842,9065.478515625
843,9076.2451171875
844,9087.01171875
845,9097.7783203125
846,9108.544921875
847,9119.3115234375
848,9130.078125
849,9140.8447265625
850,9151.611328125
851,9162.3779296875
852,9173.14453125
853,9183.9111328125
854,9194.677734375
855,9205.4443359375
856,9216.2109375
857,9226.9775390625
858,9237.744140625
859,9248.5107421875
860,9259.27734375
861,9270.0439453125
862,9280.810546875
863,9291.5771484375
864,9302.34375
865,9313.1103515625
866,9323.876953125
867,9334.6435546875
868,9345.41015625
869,9356.1767578125
870,9366.943359375
871,9377.7099609375
872,9388.4765625
873,9399.2431640625
874,9410.009765625
875,9420.7763671875
876,9431.54296875
877,9442.3095703125
878,9453.076171875
879,9463.8427734375
880,9474.609375
881,9485.3759765625
882,9496.142578125
883,9506.9091796875
884,9517.67578125
885,9528.4423828125
886,9539.208984375
887,9549.9755859375
888,9560.7421875
889,9571.5087890625
890,9582.275390625
891,9593.0419921875
892,9603.80859375
893,9614.5751953125
894,9625.341796875
895,9636.1083984375
896,9646.875
897,9657.6416015625
898,9668.408203125
899,9679.1748046875
900,9689.94140625
901,9700.7080078125
902,9711.474609375
903,9722.2412109375
904,9733.0078125
905,9743.7744140625
906,9754.541015625
907,9765.3076171875
908,9776.07421875
909,9786.8408203125
910,9797.607421875
911,9808.3740234375
912,9819.140625
913,9829.9072265625
914,9840.673828125
915,9851.4404296875
916,9862.20703125
917,9872.9736328125
918,9883.740234375
919,9894.5068359375
920,9905.2734375
921,9916.0400390625
922,9926.806640625
923,9937.5732421875
924,9948.33984375
925,9959.1064453125
926,9969.873046875
927,9980.6396484375
928,9991.40625
929,10002.1728515625
930,10012.939453125
931,10023.7060546875
932,10034.47265625
933,10045.2392578125
934,10056.005859375
935,10066.7724609375
936,10077.5390625
937,10088.3056640625
938,10099.072265625
939,10109.8388671875
940,10120.60546875
941,10131.3720703125
942,10142.138671875
943,10152.9052734375
944,10163.671875
945,10174.4384765625
946,10185.205078125
947,10195.9716796875
948,10206.73828125
949,10217.5048828125
950,10228.271484375
951,10239.0380859375
952,10249.8046875
953,10260.5712890625
954,10271.337890625
955,10282.1044921875
956,10292.87109375
957,10303.6376953125
958,10314.404296875
959,10325.1708984375
960,10335.9375
961,10346.7041015625
962,10357.470703125
963,10368.2373046875
964,10379.00390625
965,10389.7705078125
966,10400.537109375
967,10411.3037109375
968,10422.0703125
969,10432.8369140625
970,10443.603515625
971,10454.3701171875
972,10465.13671875
973,10475.9033203125
974,10486.669921875
975,10497.4365234375
976,10508.203125
977,10518.9697265625
978,10529.736328125
979,10540.5029296875
980,10551.26953125
981,10562.0361328125
982,10572.802734375
983,10583.5693359375
984,10594.3359375
985,10605.1025390625
986,10615.869140625
987,10626.6357421875
988,10637.40234375
989,10648.1689453125
990,10658.935546875
991,10669.7021484375
992,10680.46875
993,10691.2353515625
994,10702.001953125
995,10712.7685546875
996,10723.53515625
997,10734.3017578125
998,10745.068359375
999,10755.8349609375
1000,10766.6015625
1001,10777.3681640625
1002,10788.134765625
1003,10798.9013671875
1004,10809.66796875
1005,10820.4345703125
1006,10831.201171875
1007,10841.9677734375
1008,10852.734375
1009,10863.5009765625
1010,10874.267578125
1011,10885.0341796875
1012,10895.80078125
1013,10906.5673828125
1014,10917.333984375
1015,10928.1005859375
1016,10938.8671875
1017,10949.6337890625
1018,10960.400390625
1019,10971.1669921875
1020,10981.93359375
1021,10992.7001953125
1022,11003.466796875
1023,11014.2333984375
1024,11025.0
1025,11035.7666015625
1026,11046.533203125
1027,11057.2998046875
1028,11068.06640625
1029,11078.8330078125
1030,11089.599609375
1031,11100.3662109375
1032,11111.1328125
1033,11121.8994140625
1034,11132.666015625
1035,11143.4326171875
1036,11154.19921875
1037,11164.9658203125
1038,11175.732421875
1039,11186.4990234375
1040,11197.265625
1041,11208.0322265625
1042,11218.798828125
1043,11229.5654296875
1044,11240.33203125
1045,11251.0986328125
1046,11261.865234375
1047,11272.6318359375
1048,11283.3984375
1049,11294.1650390625
1050,11304.931640625
1051,11315.6982421875
1052,11326.46484375
1053,11337.2314453125
1054,11347.998046875
1055,11358.7646484375
1056,11369.53125
1057,11380.2978515625
1058,11391.064453125
1059,11401.8310546875
1060,11412.59765625
1061,11423.3642578125
1062,11434.130859375
1063,11444.8974609375
1064,11455.6640625
1065,11466.4306640625
1066,11477.197265625
1067,11487.9638671875
1068,11498.73046875
1069,11509.4970703125
1070,11520.263671875
1071,11531.0302734375
1072,11541.796875
1073,11552.5634765625
1074,11563.330078125
1075,11574.0966796875
1076,11584.86328125
1077,11595.6298828125
1078,11606.396484375
1079,11617.1630859375
1080,11627.9296875
1081,11638.6962890625
1082,11649.462890625
1083,11660.2294921875
1084,11670.99609375
1085,11681.7626953125
1086,11692.529296875
1087,11703.2958984375
1088,11714.0625
1089,11724.8291015625
1090,11735.595703125
1091,11746.3623046875
1092,11757.12890625
1093,11767.8955078125
1094,11778.662109375
1095,11789.4287109375
1096,11800.1953125
1097,11810.9619140625
1098,11821.728515625
1099,11832.4951171875
1100,11843.26171875
1101,11854.0283203125
1102,11864.794921875
1103,11875.5615234375
1104,11886.328125
1105,11897.0947265625
1106,11907.861328125
1107,11918.6279296875
1108,11929.39453125
1109,11940.1611328125
1110,11950.927734375
1111,11961.6943359375
1112,11972.4609375
1113,11983.2275390625
1114,11993.994140625
1115,12004.7607421875
1116,12015.52734375
1117,12026.2939453125
1118,12037.060546875
1119,12047.8271484375
1120,12058.59375
1121,12069.3603515625
1122,12080.126953125
1123,12090.8935546875
1124,12101.66015625
1125,12112.4267578125
1126,12123.193359375
1127,12133.9599609375
1128,12144.7265625
1129,12155.4931640625
1130,12166.259765625
1131,12177.0263671875
1132,12187.79296875
1133,12198.5595703125
1134,12209.326171875
1135,12220.0927734375
1136,12230.859375
1137,12241.6259765625
1138,12252.392578125
1139,12263.1591796875
1140,12273.92578125
1141,12284.6923828125
1142,12295.458984375
1143,12306.2255859375
1144,12316.9921875
1145,12327.7587890625
1146,12338.525390625
1147,12349.2919921875
1148,12360.05859375
1149,12370.8251953125
1150,12381.591796875
1151,12392.3583984375
1152,12403.125
1153,12413.8916015625
1154,12424.658203125
1155,12435.4248046875
1156,12446.19140625
1157,12456.9580078125
1158,12467.724609375
1159,12478.4912109375
1160,12489.2578125
1161,12500.0244140625
1162,12510.791015625
1163,12521.5576171875
1164,12532.32421875
1165,12543.0908203125
1166,12553.857421875
1167,12564.6240234375
1168,12575.390625
1169,12586.1572265625
1170,12596.923828125
1171,12607.6904296875
1172,12618.45703125
1173,12629.2236328125
1174,12639.990234375
1175,12650.7568359375
1176,12661.5234375
1177,12672.2900390625
1178,12683.056640625
1179,12693.8232421875
1180,12704.58984375
1181,12715.3564453125
1182,12726.123046875
1183,12736.8896484375
1184,12747.65625
1185,12758.4228515625
1186,12769.189453125
1187,12779.9560546875
1188,12790.72265625
1189,12801.4892578125
1190,12812.255859375
1191,12823.0224609375
1192,12833.7890625
1193,12844.5556640625
1194,12855.322265625
1195,12866.0888671875
1196,12876.85546875
1197,12887.6220703125
1198,12898.388671875
1199,12909.1552734375
1200,12919.921875
1201,12930.6884765625
1202,12941.455078125
1203,12952.2216796875
1204,12962.98828125
1205,12973.7548828125
1206,12984.521484375
1207,12995.2880859375
1208,13006.0546875
1209,13016.8212890625
1210,13027.587890625
1211,13038.3544921875
1212,13049.12109375
1213,13059.8876953125
1214,13070.654296875
1215,13081.4208984375
1216,13092.1875
1217,13102.9541015625
1218,13113.720703125
1219,13124.4873046875
1220,13135.25390625
1221,13146.0205078125
1222,13156.787109375
1223,13167.5537109375
1224,13178.3203125
1225,13189.0869140625
1226,13199.853515625
1227,13210.6201171875
1228,13221.38671875
1229,13232.1533203125
1230,13242.919921875
1231,13253.6865234375
1232,13264.453125
1233,13275.2197265625
1234,13285.986328125
1235,13296.7529296875
1236,13307.51953125
1237,13318.2861328125
1238,13329.052734375
1239,13339.8193359375
1240,13350.5859375
1241,13361.3525390625
1242,13372.119140625
1243,13382.8857421875
1244,13393.65234375
1245,13404.4189453125
1246,13415.185546875
1247,13425.9521484375
1248,13436.71875
1249,13447.4853515625
1250,13458.251953125
1251,13469.0185546875
1252,13479.78515625
1253,13490.5517578125
1254,13501.318359375
1255,13512.0849609375
1256,13522.8515625
1257,13533.6181640625
1258,13544.384765625
1259,13555.1513671875
1260,13565.91796875
1261,13576.6845703125
1262,13587.451171875
1263,13598.2177734375
1264,13608.984375
1265,13619.7509765625
1266,13630.517578125
1267,13641.2841796875
1268,13652.05078125
1269,13662.8173828125
1270,13673.583984375
1271,13684.3505859375
1272,13695.1171875
1273,13705.8837890625
1274,13716.650390625
1275,13727.4169921875
1276,13738.18359375
1277,13748.9501953125
1278,13759.716796875
1279,13770.4833984375
1280,13781.25
1281,13792.0166015625
1282,13802.783203125
1283,13813.5498046875
1284,13824.31640625
1285,13835.0830078125
1286,13845.849609375
1287,13856.6162109375
1288,13867.3828125
1289,13878.1494140625
1290,13888.916015625
1291,13899.6826171875
1292,13910.44921875
1293,13921.2158203125
1294,13931.982421875
1295,13942.7490234375
1296,13953.515625
1297,13964.2822265625
1298,13975.048828125
1299,13985.8154296875
1300,13996.58203125
1301,14007.3486328125
1302,14018.115234375
1303,14028.8818359375
1304,14039.6484375
1305,14050.4150390625
1306,14061.181640625
1307,14071.9482421875
1308,14082.71484375
1309,14093.4814453125
1310,14104.248046875
1311,14115.0146484375
1312,14125.78125
1313,14136.5478515625
1314,14147.314453125
1315,14158.0810546875
1316,14168.84765625
1317,14179.6142578125
1318,14190.380859375
1319,14201.1474609375
1320,14211.9140625
1321,14222.6806640625
1322,14233.447265625
1323,14244.2138671875
1324,14254.98046875
1325,14265.7470703125
1326,14276.513671875
1327,14287.2802734375
1328,14298.046875
1329,14308.8134765625
1330,14319.580078125
1331,14330.3466796875
1332,14341.11328125
1333,14351.8798828125
1334,14362.646484375
1335,14373.4130859375
1336,14384.1796875
1337,14394.9462890625
1338,14405.712890625
1339,14416.4794921875
1340,14427.24609375
1341,14438.0126953125
1342,14448.779296875
1343,14459.5458984375
1344,14470.3125
1345,14481.0791015625
1346,14491.845703125
1347,14502.6123046875
1348,14513.37890625
1349,14524.1455078125
1350,14534.912109375
1351,14545.6787109375
1352,14556.4453125
1353,14567.2119140625
1354,14577.978515625
1355,14588.7451171875
1356,14599.51171875
1357,14610.2783203125
1358,14621.044921875
1359,14631.8115234375
1360,14642.578125
1361,14653.3447265625
1362,14664.111328125
1363,14674.8779296875
1364,14685.64453125
1365,14696.4111328125
1366,14707.177734375
1367,14717.9443359375
1368,14728.7109375
1369,14739.4775390625
1370,14750.244140625
1371,14761.0107421875
1372,14771.77734375
1373,14782.5439453125
1374,14793.310546875
1375,14804.0771484375
1376,14814.84375
1377,14825.6103515625
1378,14836.376953125
1379,14847.1435546875
1380,14857.91015625
1381,14868.6767578125
1382,14879.443359375
1383,14890.2099609375
1384,14900.9765625
1385,14911.7431640625
1386,14922.509765625
1387,14933.2763671875
1388,14944.04296875
1389,14954.8095703125
1390,14965.576171875
1391,14976.3427734375
1392,14987.109375
1393,14997.8759765625
1394,15008.642578125
1395,15019.4091796875
1396,15030.17578125
1397,15040.9423828125
1398,15051.708984375
1399,15062.4755859375
1400,15073.2421875
1401,15084.0087890625
1402,15094.775390625
1403,15105.5419921875
1404,15116.30859375
1405,15127.0751953125
1406,15137.841796875
1407,15148.6083984375
1408,15159.375
1409,15170.1416015625
1410,15180.908203125
1411,15191.6748046875
1412,15202.44140625
1413,15213.2080078125
1414,15223.974609375
1415,15234.7412109375
1416,15245.5078125
1417,15256.2744140625
1418,15267.041015625
1419,15277.8076171875
1420,15288.57421875
1421,15299.3408203125
1422,15310.107421875
1423,15320.8740234375
1424,15331.640625
1425,15342.4072265625
1426,15353.173828125
1427,15363.9404296875
1428,15374.70703125
1429,15385.4736328125
1430,15396.240234375
1431,15407.0068359375
1432,15417.7734375
1433,15428.5400390625
1434,15439.306640625
1435,15450.0732421875
1436,15460.83984375
1437,15471.6064453125
1438,15482.373046875
1439,15493.1396484375
1440,15503.90625
1441,15514.6728515625
1442,15525.439453125
1443,15536.2060546875
1444,15546.97265625
1445,15557.7392578125
1446,15568.505859375
1447,15579.2724609375
1448,15590.0390625
1449,15600.8056640625
1450,15611.572265625
1451,15622.3388671875
1452,15633.10546875
1453,15643.8720703125
1454,15654.638671875
1455,15665.4052734375
1456,15676.171875
1457,15686.9384765625
1458,15697.705078125
1459,15708.4716796875
1460,15719.23828125
1461,15730.0048828125
1462,15740.771484375
1463,15751.5380859375
1464,15762.3046875
1465,15773.0712890625
1466,15783.837890625
1467,15794.6044921875
1468,15805.37109375
1469,15816.1376953125
1470,15826.904296875
1471,15837.6708984375
1472,15848.4375
1473,15859.2041015625
1474,15869.970703125
1475,15880.7373046875
1476,15891.50390625
1477,15902.2705078125
1478,15913.037109375
1479,15923.8037109375
1480,15934.5703125
1481,15945.3369140625
1482,15956.103515625
1483,15966.8701171875
1484,15977.63671875
1485,15988.4033203125
1486,15999.169921875
1487,16009.9365234375
1488,16020.703125
1489,16031.4697265625
1490,16042.236328125
1491,16053.0029296875
1492,16063.76953125
1493,16074.5361328125
1494,16085.302734375
1495,16096.0693359375
1496,16106.8359375
1497,16117.6025390625
1498,16128.369140625
1499,16139.1357421875
1500,16149.90234375
1501,16160.6689453125
1502,16171.435546875
1503,16182.2021484375
1504,16192.96875
1505,16203.7353515625
1506,16214.501953125
1507,16225.2685546875
1508,16236.03515625
1509,16246.8017578125
1510,16257.568359375
1511,16268.3349609375
1512,16279.1015625
1513,16289.8681640625
1514,16300.634765625
1515,16311.4013671875
1516,16322.16796875
1517,16332.9345703125
1518,16343.701171875
1519,16354.4677734375
1520,16365.234375
1521,16376.0009765625
1522,16386.767578125
1523,16397.5341796875
1524,16408.30078125
1525,16419.0673828125
1526,16429.833984375
1527,16440.6005859375
1528,16451.3671875
1529,16462.1337890625
1530,16472.900390625
1531,16483.6669921875
1532,16494.43359375
1533,16505.2001953125
1534,16515.966796875
1535,16526.7333984375
1536,16537.5
1537,16548.2666015625
1538,16559.033203125
1539,16569.7998046875
1540,16580.56640625
1541,16591.3330078125
1542,16602.099609375
1543,16612.8662109375
1544,16623.6328125
1545,16634.3994140625
1546,16645.166015625
1547,16655.9326171875
1548,16666.69921875
1549,16677.4658203125
1550,16688.232421875
1551,16698.9990234375
1552,16709.765625
1553,16720.5322265625
1554,16731.298828125
1555,16742.0654296875
1556,16752.83203125
1557,16763.5986328125
1558,16774.365234375
1559,16785.1318359375
1560,16795.8984375
1561,16806.6650390625
1562,16817.431640625
1563,16828.1982421875
1564,16838.96484375
1565,16849.7314453125
1566,16860.498046875
1567,16871.2646484375
1568,16882.03125
1569,16892.7978515625
1570,16903.564453125
1571,16914.3310546875
1572,16925.09765625
1573,16935.8642578125
1574,16946.630859375
1575,16957.3974609375
1576,16968.1640625
1577,16978.9306640625
1578,16989.697265625
1579,17000.4638671875
1580,17011.23046875
1581,17021.9970703125
1582,17032.763671875
1583,17043.5302734375
1584,17054.296875
1585,17065.0634765625
1586,17075.830078125
1587,17086.5966796875
1588,17097.36328125
1589,17108.1298828125
1590,17118.896484375
1591,17129.6630859375
1592,17140.4296875
1593,17151.1962890625
1594,17161.962890625
1595,17172.7294921875
1596,17183.49609375
1597,17194.2626953125
1598,17205.029296875
1599,17215.7958984375
1600,17226.5625
1601,17237.3291015625
1602,17248.095703125
1603,17258.8623046875
1604,17269.62890625
1605,17280.3955078125
1606,17291.162109375
1607,17301.9287109375
1608,17312.6953125
1609,17323.4619140625
1610,17334.228515625
1611,17344.9951171875
1612,17355.76171875
1613,17366.5283203125
1614,17377.294921875
1615,17388.0615234375
1616,17398.828125
1617,17409.5947265625
1618,17420.361328125
1619,17431.1279296875
1620,17441.89453125
1621,17452.6611328125
1622,17463.427734375
1623,17474.1943359375
1624,17484.9609375
1625,17495.7275390625
1626,17506.494140625
1627,17517.2607421875
1628,17528.02734375
1629,17538.7939453125
1630,17549.560546875
1631,17560.3271484375
1632,17571.09375
1633,17581.8603515625
1634,17592.626953125
1635,17603.3935546875
1636,17614.16015625
1637,17624.9267578125
1638,17635.693359375
1639,17646.4599609375
1640,17657.2265625
1641,17667.9931640625
1642,17678.759765625
1643,17689.5263671875
1644,17700.29296875
1645,17711.0595703125
1646,17721.826171875
1647,17732.5927734375
1648,17743.359375
1649,17754.1259765625
1650,17764.892578125
1651,17775.6591796875
1652,17786.42578125
1653,17797.1923828125
1654,17807.958984375
1655,17818.7255859375
1656,17829.4921875
1657,17840.2587890625
1658,17851.025390625
1659,17861.7919921875
1660,17872.55859375
1661,17883.3251953125
1662,17894.091796875
1663,17904.8583984375
1664,17915.625
1665,17926.3916015625
1666,17937.158203125
1667,17947.9248046875
1668,17958.69140625
1669,17969.4580078125
1670,17980.224609375
1671,17990.9912109375
1672,18001.7578125
1673,18012.5244140625
1674,18023.291015625
1675,18034.0576171875
1676,18044.82421875
1677,18055.5908203125
1678,18066.357421875
1679,18077.1240234375
1680,18087.890625
1681,18098.6572265625
1682,18109.423828125
1683,18120.1904296875
1684,18130.95703125
1685,18141.7236328125
1686,18152.490234375
1687,18163.2568359375
1688,18174.0234375
1689,18184.7900390625
1690,18195.556640625
1691,18206.3232421875
1692,18217.08984375
1693,18227.8564453125
1694,18238.623046875
1695,18249.3896484375
1696,18260.15625
1697,18270.9228515625
1698,18281.689453125
1699,18292.4560546875
1700,18303.22265625
1701,18313.9892578125
1702,18324.755859375
1703,18335.5224609375
1704,18346.2890625
1705,18357.0556640625
1706,18367.822265625
1707,18378.5888671875
1708,18389.35546875
1709,18400.1220703125
1710,18410.888671875
1711,18421.6552734375
1712,18432.421875
1713,18443.1884765625
1714,18453.955078125
1715,18464.7216796875
1716,18475.48828125
1717,18486.2548828125
1718,18497.021484375
1719,18507.7880859375
1720,18518.5546875
1721,18529.3212890625
1722,18540.087890625
1723,18550.8544921875
1724,18561.62109375
1725,18572.3876953125
1726,18583.154296875
1727,18593.9208984375
1728,18604.6875
1729,18615.4541015625
1730,18626.220703125
1731,18636.9873046875
1732,18647.75390625
1733,18658.5205078125
1734,18669.287109375
1735,18680.0537109375
1736,18690.8203125
1737,18701.5869140625
1738,18712.353515625
1739,18723.1201171875
1740,18733.88671875
1741,18744.6533203125
1742,18755.419921875
1743,18766.1865234375
1744,18776.953125
1745,18787.7197265625
1746,18798.486328125
1747,18809.2529296875
1748,18820.01953125
1749,18830.7861328125
1750,18841.552734375
1751,18852.3193359375
1752,18863.0859375
1753,18873.8525390625
1754,18884.619140625
1755,18895.3857421875
1756,18906.15234375
1757,18916.9189453125
1758,18927.685546875
1759,18938.4521484375
1760,18949.21875
1761,18959.9853515625
1762,18970.751953125
1763,18981.5185546875
1764,18992.28515625
1765,19003.0517578125
1766,19013.818359375
1767,19024.5849609375
1768,19035.3515625
1769,19046.1181640625
1770,19056.884765625
1771,19067.6513671875
1772,19078.41796875
1773,19089.1845703125
1774,19099.951171875
1775,19110.7177734375
1776,19121.484375
1777,19132.2509765625
1778,19143.017578125
1779,19153.7841796875
1780,19164.55078125
1781,19175.3173828125
1782,19186.083984375
1783,19196.8505859375
1784,19207.6171875
1785,19218.3837890625
1786,19229.150390625
1787,19239.9169921875
1788,19250.68359375
1789,19261.4501953125
1790,19272.216796875
1791,19282.9833984375
1792,19293.75
1793,19304.5166015625
1794,19315.283203125
1795,19326.0498046875
1796,19336.81640625
1797,19347.5830078125
1798,19358.349609375
1799,19369.1162109375
1800,19379.8828125
1801,19390.6494140625
1802,19401.416015625
1803,19412.1826171875
1804,19422.94921875
1805,19433.7158203125
1806,19444.482421875
1807,19455.2490234375
1808,19466.015625
1809,19476.7822265625
1810,19487.548828125
1811,19498.3154296875
1812,19509.08203125
1813,19519.8486328125
1814,19530.615234375
1815,19541.3818359375
1816,19552.1484375
1817,19562.9150390625
1818,19573.681640625
1819,19584.4482421875
1820,19595.21484375
1821,19605.9814453125
1822,19616.748046875
1823,19627.5146484375
1824,19638.28125
1825,19649.0478515625
1826,19659.814453125
1827,19670.5810546875
1828,19681.34765625
1829,19692.1142578125
1830,19702.880859375
1831,19713.6474609375
1832,19724.4140625
1833,19735.1806640625
1834,19745.947265625
1835,19756.7138671875
1836,19767.48046875
1837,19778.2470703125
1838,19789.013671875
1839,19799.7802734375
1840,19810.546875
1841,19821.3134765625
1842,19832.080078125
1843,19842.8466796875
1844,19853.61328125
1845,19864.3798828125
1846,19875.146484375
1847,19885.9130859375
1848,19896.6796875
1849,19907.4462890625
1850,19918.212890625
1851,19928.9794921875
1852,19939.74609375
1853,19950.5126953125
1854,19961.279296875
1855,19972.0458984375
1856,19982.8125
1857,19993.5791015625
1858,20004.345703125
1859,20015.1123046875
1860,20025.87890625
1861,20036.6455078125
1862,20047.412109375
1863,20058.1787109375
1864,20068.9453125
1865,20079.7119140625
1866,20090.478515625
1867,20101.2451171875
1868,20112.01171875
1869,20122.7783203125
1870,20133.544921875
1871,20144.3115234375
1872,20155.078125
1873,20165.8447265625
1874,20176.611328125
1875,20187.3779296875
1876,20198.14453125
1877,20208.9111328125
1878,20219.677734375
1879,20230.4443359375
1880,20241.2109375
1881,20251.9775390625
1882,20262.744140625
1883,20273.5107421875
1884,20284.27734375
1885,20295.0439453125
1886,20305.810546875
1887,20316.5771484375
1888,20327.34375
1889,20338.1103515625
1890,20348.876953125
1891,20359.6435546875
1892,20370.41015625
1893,20381.1767578125
1894,20391.943359375
1895,20402.7099609375
1896,20413.4765625
1897,20424.2431640625
1898,20435.009765625
1899,20445.7763671875
1900,20456.54296875
1901,20467.3095703125
1902,20478.076171875
1903,20488.8427734375
1904,20499.609375
1905,20510.3759765625
1906,20521.142578125
1907,20531.9091796875
1908,20542.67578125
1909,20553.4423828125
1910,20564.208984375
1911,20574.9755859375
1912,20585.7421875
1913,20596.5087890625
1914,20607.275390625
1915,20618.0419921875
1916,20628.80859375
1917,20639.5751953125
1918,20650.341796875
1919,20661.1083984375
1920,20671.875
1921,20682.6416015625
1922,20693.408203125
1923,20704.1748046875
1924,20714.94140625
1925,20725.7080078125
1926,20736.474609375
1927,20747.2412109375
1928,20758.0078125
1929,20768.7744140625
1930,20779.541015625
1931,20790.3076171875
1932,20801.07421875
1933,20811.8408203125
1934,20822.607421875
1935,20833.3740234375
1936,20844.140625
1937,20854.9072265625
1938,20865.673828125
1939,20876.4404296875
1940,20887.20703125
1941,20897.9736328125
1942,20908.740234375
1943,20919.5068359375
1944,20930.2734375
1945,20941.0400390625
1946,20951.806640625
1947,20962.5732421875
1948,20973.33984375
1949,20984.1064453125
1950,20994.873046875
1951,21005.6396484375
1952,21016.40625
1953,21027.1728515625
1954,21037.939453125
1955,21048.7060546875
1956,21059.47265625
1957,21070.2392578125
1958,21081.005859375
1959,21091.7724609375
1960,21102.5390625
1961,21113.3056640625
1962,21124.072265625
1963,21134.8388671875
1964,21145.60546875
1965,21156.3720703125
1966,21167.138671875
1967,21177.9052734375
1968,21188.671875
1969,21199.4384765625
1970,21210.205078125
1971,21220.9716796875
1972,21231.73828125
1973,21242.5048828125
1974,21253.271484375
1975,21264.0380859375
1976,21274.8046875
1977,21285.5712890625
1978,21296.337890625
1979,21307.1044921875
1980,21317.87109375
1981,21328.6376953125
1982,21339.404296875
1983,21350.1708984375
1984,21360.9375
1985,21371.7041015625
1986,21382.470703125
1987,21393.2373046875
1988,21404.00390625
1989,21414.7705078125
1990,21425.537109375
1991,21436.3037109375
1992,21447.0703125
1993,21457.8369140625
1994,21468.603515625
1995,21479.3701171875
1996,21490.13671875
1997,21500.9033203125
1998,21511.669921875
1999,21522.4365234375
2000,21533.203125
2001,21543.9697265625
2002,21554.736328125
2003,21565.5029296875
2004,21576.26953125
2005,21587.0361328125
2006,21597.802734375
2007,21608.5693359375
2008,21619.3359375
2009,21630.1025390625
2010,21640.869140625
2011,21651.6357421875
2012,21662.40234375
2013,21673.1689453125
2014,21683.935546875
2015,21694.7021484375
2016,21705.46875
2017,21716.2353515625
2018,21727.001953125
2019,21737.7685546875
2020,21748.53515625
2021,21759.3017578125
2022,21770.068359375
2023,21780.8349609375
2024,21791.6015625
2025,21802.3681640625
2026,21813.134765625
2027,21823.9013671875
2028,21834.66796875
2029,21845.4345703125
2030,21856.201171875
2031,21866.9677734375
2032,21877.734375
2033,21888.5009765625
2034,21899.267578125
2035,21910.0341796875
2036,21920.80078125
2037,21931.5673828125
2038,21942.333984375
2039,21953.1005859375
2040,21963.8671875
2041,21974.6337890625
2042,21985.400390625
2043,21996.1669921875
2044,22006.93359375
2045,22017.7001953125
2046,22028.466796875
2047,22039.2333984375
2048,-22050.0
2049,-22039.2333984375
2050,-22028.466796875
2051,-22017.7001953125
2052,-22006.93359375
2053,-21996.1669921875
2054,-21985.400390625
2055,-21974.6337890625
2056,-21963.8671875
2057,-21953.1005859375
2058,-21942.333984375
2059,-21931.5673828125
2060,-21920.80078125
2061,-21910.0341796875
2062,-21899.267578125
2063,-21888.5009765625
2064,-21877.734375
2065,-21866.9677734375
2066,-21856.201171875
2067,-21845.4345703125
2068,-21834.66796875
2069,-21823.9013671875
2070,-21813.134765625
2071,-21802.3681640625
2072,-21791.6015625
2073,-21780.8349609375
2074,-21770.068359375
2075,-21759.3017578125
2076,-21748.53515625
2077,-21737.7685546875
2078,-21727.001953125
2079,-21716.2353515625
2080,-21705.46875
2081,-21694.7021484375
2082,-21683.935546875
2083,-21673.1689453125
2084,-21662.40234375
2085,-21651.6357421875
2086,-21640.869140625
2087,-21630.1025390625
2088,-21619.3359375
2089,-21608.5693359375
2090,-21597.802734375
2091,-21587.0361328125
2092,-21576.26953125
2093,-21565.5029296875
2094,-21554.736328125
2095,-21543.9697265625
2096,-21533.203125
2097,-21522.4365234375
2098,-21511.669921875
2099,-21500.9033203125
2100,-21490.13671875
2101,-21479.3701171875
2102,-21468.603515625
2103,-21457.8369140625
2104,-21447.0703125
2105,-21436.3037109375
2106,-21425.537109375
2107,-21414.7705078125
2108,-21404.00390625
2109,-21393.2373046875
2110,-21382.470703125
2111,-21371.7041015625
2112,-21360.9375
2113,-21350.1708984375
2114,-21339.404296875
2115,-21328.6376953125
2116,-21317.87109375
2117,-21307.1044921875
2118,-21296.337890625
2119,-21285.5712890625
2120,-21274.8046875
2121,-21264.0380859375
2122,-21253.271484375
2123,-21242.5048828125
2124,-21231.73828125
2125,-21220.9716796875
2126,-21210.205078125
2127,-21199.4384765625
2128,-21188.671875
2129,-21177.9052734375
2130,-21167.138671875
2131,-21156.3720703125
2132,-21145.60546875
2133,-21134.8388671875
2134,-21124.072265625
2135,-21113.3056640625
2136,-21102.5390625
2137,-21091.7724609375
2138,-21081.005859375
2139,-21070.2392578125
2140,-21059.47265625
2141,-21048.7060546875
2142,-21037.939453125
2143,-21027.1728515625
2144,-21016.40625
2145,-21005.6396484375
2146,-20994.873046875
2147,-20984.1064453125
2148,-20973.33984375
2149,-20962.5732421875
2150,-20951.806640625
2151,-20941.0400390625
2152,-20930.2734375
2153,-20919.5068359375
2154,-20908.740234375
2155,-20897.9736328125
2156,-20887.20703125
2157,-20876.4404296875
2158,-20865.673828125
2159,-20854.9072265625
2160,-20844.140625
2161,-20833.3740234375
2162,-20822.607421875
2163,-20811.8408203125
2164,-20801.07421875
2165,-20790.3076171875
2166,-20779.541015625
2167,-20768.7744140625
2168,-20758.0078125
2169,-20747.2412109375
2170,-20736.474609375
2171,-20725.7080078125
2172,-20714.94140625
2173,-20704.1748046875
2174,-20693.408203125
2175,-20682.6416015625
2176,-20671.875
2177,-20661.1083984375
2178,-20650.341796875
2179,-20639.5751953125
2180,-20628.80859375
2181,-20618.0419921875
2182,-20607.275390625
2183,-20596.5087890625
2184,-20585.7421875
2185,-20574.9755859375
2186,-20564.208984375
2187,-20553.4423828125
2188,-20542.67578125
2189,-20531.9091796875
2190,-20521.142578125
2191,-20510.3759765625
2192,-20499.609375
2193,-20488.8427734375
2194,-20478.076171875
2195,-20467.3095703125
2196,-20456.54296875
2197,-20445.7763671875
2198,-20435.009765625
2199,-20424.2431640625
2200,-20413.4765625
2201,-20402.7099609375
2202,-20391.943359375
2203,-20381.1767578125
2204,-20370.41015625
2205,-20359.6435546875
2206,-20348.876953125
2207,-20338.1103515625
2208,-20327.34375
2209,-20316.5771484375
2210,-20305.810546875
2211,-20295.0439453125
2212,-20284.27734375
2213,-20273.5107421875
2214,-20262.744140625
2215,-20251.9775390625
2216,-20241.2109375
2217,-20230.4443359375
2218,-20219.677734375
2219,-20208.9111328125
2220,-20198.14453125
2221,-20187.3779296875
2222,-20176.611328125
2223,-20165.8447265625
2224,-20155.078125
2225,-20144.3115234375
2226,-20133.544921875
2227,-20122.7783203125
2228,-20112.01171875
2229,-20101.2451171875
2230,-20090.478515625
2231,-20079.7119140625
2232,-20068.9453125
2233,-20058.1787109375
2234,-20047.412109375
2235,-20036.6455078125
2236,-20025.87890625
2237,-20015.1123046875
2238,-20004.345703125
2239,-19993.5791015625
2240,-19982.8125
2241,-19972.0458984375
2242,-19961.279296875
2243,-19950.5126953125
2244,-19939.74609375
2245,-19928.9794921875
2246,-19918.212890625
2247,-19907.4462890625
2248,-19896.6796875
2249,-19885.9130859375
2250,-19875.146484375
2251,-19864.3798828125
2252,-19853.61328125
2253,-19842.8466796875
2254,-19832.080078125
2255,-19821.3134765625
2256,-19810.546875
2257,-19799.7802734375
2258,-19789.013671875
2259,-19778.2470703125
2260,-19767.48046875
2261,-19756.7138671875
2262,-19745.947265625
2263,-19735.1806640625
2264,-19724.4140625
2265,-19713.6474609375
2266,-19702.880859375
2267,-19692.1142578125
2268,-19681.34765625
2269,-19670.5810546875
2270,-19659.814453125
2271,-19649.0478515625
2272,-19638.28125
2273,-19627.5146484375
2274,-19616.748046875
2275,-19605.9814453125
2276,-19595.21484375
2277,-19584.4482421875
2278,-19573.681640625
2279,-19562.9150390625
2280,-19552.1484375
2281,-19541.3818359375
2282,-19530.615234375
2283,-19519.8486328125
2284,-19509.08203125
2285,-19498.3154296875
2286,-19487.548828125
2287,-19476.7822265625
2288,-19466.015625
2289,-19455.2490234375
2290,-19444.482421875
2291,-19433.7158203125
2292,-19422.94921875
2293,-19412.1826171875
2294,-19401.416015625
2295,-19390.6494140625
2296,-19379.8828125
2297,-19369.1162109375
2298,-19358.349609375
2299,-19347.5830078125
2300,-19336.81640625
2301,-19326.0498046875
2302,-19315.283203125
2303,-19304.5166015625
2304,-19293.75
2305,-19282.9833984375
2306,-19272.216796875
2307,-19261.4501953125
2308,-19250.68359375
2309,-19239.9169921875
2310,-19229.150390625
2311,-19218.3837890625
2312,-19207.6171875
2313,-19196.8505859375
2314,-19186.083984375
2315,-19175.3173828125
2316,-19164.55078125
2317,-19153.7841796875
2318,-19143.017578125
2319,-19132.2509765625
2320,-19121.484375
2321,-19110.7177734375
2322,-19099.951171875
2323,-19089.1845703125
2324,-19078.41796875
2325,-19067.6513671875
2326,-19056.884765625
2327,-19046.1181640625
2328,-19035.3515625
2329,-19024.5849609375
2330,-19013.818359375
2331,-19003.0517578125
2332,-18992.28515625
2333,-18981.5185546875
2334,-18970.751953125
2335,-18959.9853515625
2336,-18949.21875
2337,-18938.4521484375
2338,-18927.685546875
2339,-18916.9189453125
2340,-18906.15234375
2341,-18895.3857421875
2342,-18884.619140625
2343,-18873.8525390625
2344,-18863.0859375
2345,-18852.3193359375
2346,-18841.552734375
2347,-18830.7861328125
2348,-18820.01953125
2349,-18809.2529296875
2350,-18798.486328125
2351,-18787.7197265625
2352,-18776.953125
2353,-18766.1865234375
2354,-18755.419921875
2355,-18744.6533203125
2356,-18733.88671875
2357,-18723.1201171875
2358,-18712.353515625
2359,-18701.5869140625
2360,-18690.8203125
2361,-18680.0537109375
2362,-18669.287109375
2363,-18658.5205078125
2364,-18647.75390625
2365,-18636.9873046875
2366,-18626.220703125
2367,-18615.4541015625
2368,-18604.6875
2369,-18593.9208984375
2370,-18583.154296875
2371,-18572.3876953125
2372,-18561.62109375
2373,-18550.8544921875
2374,-18540.087890625
2375,-18529.3212890625
2376,-18518.5546875
2377,-18507.7880859375
2378,-18497.021484375
2379,-18486.2548828125
2380,-18475.48828125
2381,-18464.7216796875
2382,-18453.955078125
2383,-18443.1884765625
2384,-18432.421875
2385,-18421.6552734375
2386,-18410.888671875
2387,-18400.1220703125
2388,-18389.35546875
2389,-18378.5888671875
2390,-18367.822265625
2391,-18357.0556640625
2392,-18346.2890625
2393,-18335.5224609375
2394,-18324.755859375
2395,-18313.9892578125
2396,-18303.22265625
2397,-18292.4560546875
2398,-18281.689453125
2399,-18270.9228515625
2400,-18260.15625
2401,-18249.3896484375
2402,-18238.623046875
2403,-18227.8564453125
2404,-18217.08984375
2405,-18206.3232421875
2406,-18195.556640625
2407,-18184.7900390625
2408,-18174.0234375
2409,-18163.2568359375
2410,-18152.490234375
2411,-18141.7236328125
2412,-18130.95703125
2413,-18120.1904296875
2414,-18109.423828125
2415,-18098.6572265625
2416,-18087.890625
2417,-18077.1240234375
2418,-18066.357421875
2419,-18055.5908203125
2420,-18044.82421875
2421,-18034.0576171875
2422,-18023.291015625
2423,-18012.5244140625
2424,-18001.7578125
2425,-17990.9912109375
2426,-17980.224609375
2427,-17969.4580078125
2428,-17958.69140625
2429,-17947.9248046875
2430,-17937.158203125
2431,-17926.3916015625
2432,-17915.625
2433,-17904.8583984375
2434,-17894.091796875
2435,-17883.3251953125
2436,-17872.55859375
2437,-17861.7919921875
2438,-17851.025390625
2439,-17840.2587890625
2440,-17829.4921875
2441,-17818.7255859375
2442,-17807.958984375
2443,-17797.1923828125
2444,-17786.42578125
2445,-17775.6591796875
2446,-17764.892578125
2447,-17754.1259765625
2448,-17743.359375
2449,-17732.5927734375
2450,-17721.826171875
2451,-17711.0595703125
2452,-17700.29296875
2453,-17689.5263671875
2454,-17678.759765625
2455,-17667.9931640625
2456,-17657.2265625
2457,-17646.4599609375
2458,-17635.693359375
2459,-17624.9267578125
2460,-17614.16015625
2461,-17603.3935546875
2462,-17592.626953125
2463,-17581.8603515625
2464,-17571.09375
2465,-17560.3271484375
2466,-17549.560546875
2467,-17538.7939453125
2468,-17528.02734375
2469,-17517.2607421875
2470,-17506.494140625
2471,-17495.7275390625
2472,-17484.9609375
2473,-17474.1943359375
2474,-17463.427734375
2475,-17452.6611328125
2476,-17441.89453125
2477,-17431.1279296875
2478,-17420.361328125
2479,-17409.5947265625
2480,-17398.828125
2481,-17388.0615234375
2482,-17377.294921875
2483,-17366.5283203125
2484,-17355.76171875
2485,-17344.9951171875
2486,-17334.228515625
2487,-17323.4619140625
2488,-17312.6953125
2489,-17301.9287109375
2490,-17291.162109375
2491,-17280.3955078125
2492,-17269.62890625
2493,-17258.8623046875
2494,-17248.095703125
2495,-17237.3291015625
2496,-17226.5625
2497,-17215.7958984375
2498,-17205.029296875
2499,-17194.2626953125
2500,-17183.49609375
2501,-17172.7294921875
2502,-17161.962890625
2503,-17151.1962890625
2504,-17140.4296875
2505,-17129.6630859375
2506,-17118.896484375
2507,-17108.1298828125
2508,-17097.36328125
2509,-17086.5966796875
2510,-17075.830078125
2511,-17065.0634765625
2512,-17054.296875
2513,-17043.5302734375
2514,-17032.763671875
2515,-17021.9970703125
2516,-17011.23046875
2517,-17000.4638671875
2518,-16989.697265625
2519,-16978.9306640625
2520,-16968.1640625
2521,-16957.3974609375
2522,-16946.630859375
2523,-16935.8642578125
2524,-16925.09765625
2525,-16914.3310546875
2526,-16903.564453125
2527,-16892.7978515625
2528,-16882.03125
2529,-16871.2646484375
2530,-16860.498046875
2531,-16849.7314453125
2532,-16838.96484375
2533,-16828.1982421875
2534,-16817.431640625
2535,-16806.6650390625
2536,-16795.8984375
2537,-16785.1318359375
2538,-16774.365234375
2539,-16763.5986328125
2540,-16752.83203125
2541,-16742.0654296875
2542,-16731.298828125
2543,-16720.5322265625
2544,-16709.765625
2545,-16698.9990234375
2546,-16688.232421875
2547,-16677.4658203125
2548,-16666.69921875
2549,-16655.9326171875
2550,-16645.166015625
2551,-16634.3994140625
2552,-16623.6328125
2553,-16612.8662109375
2554,-16602.099609375
2555,-16591.3330078125
2556,-16580.56640625
2557,-16569.7998046875
2558,-16559.033203125
2559,-16548.2666015625
2560,-16537.5
2561,-16526.7333984375
2562,-16515.966796875
2563,-16505.2001953125
2564,-16494.43359375
2565,-16483.6669921875
2566,-16472.900390625
2567,-16462.1337890625
2568,-16451.3671875
2569,-16440.6005859375
2570,-16429.833984375
2571,-16419.0673828125
2572,-16408.30078125
2573,-16397.5341796875
2574,-16386.767578125
2575,-16376.0009765625
2576,-16365.234375
2577,-16354.4677734375
2578,-16343.701171875
2579,-16332.9345703125
2580,-16322.16796875
2581,-16311.4013671875
2582,-16300.634765625
2583,-16289.8681640625
2584,-16279.1015625
2585,-16268.3349609375
2586,-16257.568359375
2587,-16246.8017578125
2588,-16236.03515625
2589,-16225.2685546875
2590,-16214.501953125
2591,-16203.7353515625
2592,-16192.96875
2593,-16182.2021484375
2594,-16171.435546875
2595,-16160.6689453125
2596,-16149.90234375
2597,-16139.1357421875
2598,-16128.369140625
2599,-16117.6025390625
2600,-16106.8359375
2601,-16096.0693359375
2602,-16085.302734375
2603,-16074.5361328125
2604,-16063.76953125
2605,-16053.0029296875
2606,-16042.236328125
2607,-16031.4697265625
2608,-16020.703125
2609,-16009.9365234375
2610,-15999.169921875
2611,-15988.4033203125
2612,-15977.63671875
2613,-15966.8701171875
2614,-15956.103515625
2615,-15945.3369140625
2616,-15934.5703125
2617,-15923.8037109375
2618,-15913.037109375
2619,-15902.2705078125
2620,-15891.50390625
2621,-15880.7373046875
2622,-15869.970703125
2623,-15859.2041015625
2624,-15848.4375
2625,-15837.6708984375
2626,-15826.904296875
2627,-15816.1376953125
2628,-15805.37109375
2629,-15794.6044921875
2630,-15783.837890625
2631,-15773.0712890625
2632,-15762.3046875
2633,-15751.5380859375
2634,-15740.771484375
2635,-15730.0048828125
2636,-15719.23828125
2637,-15708.4716796875
2638,-15697.705078125
2639,-15686.9384765625
2640,-15676.171875
2641,-15665.4052734375
2642,-15654.638671875
2643,-15643.8720703125
2644,-15633.10546875
2645,-15622.3388671875
2646,-15611.572265625
2647,-15600.8056640625
2648,-15590.0390625
2649,-15579.2724609375
2650,-15568.505859375
2651,-15557.7392578125
2652,-15546.97265625
2653,-15536.2060546875
2654,-15525.439453125
2655,-15514.6728515625
2656,-15503.90625
2657,-15493.1396484375
2658,-15482.373046875
2659,-15471.6064453125
2660,-15460.83984375
2661,-15450.0732421875
2662,-15439.306640625
2663,-15428.5400390625
2664,-15417.7734375
2665,-15407.0068359375
2666,-15396.240234375
2667,-15385.4736328125
2668,-15374.70703125
2669,-15363.9404296875
2670,-15353.173828125
2671,-15342.4072265625
2672,-15331.640625
2673,-15320.8740234375
2674,-15310.107421875
2675,-15299.3408203125
2676,-15288.57421875
2677,-15277.8076171875
2678,-15267.041015625
2679,-15256.2744140625
2680,-15245.5078125
2681,-15234.7412109375
2682,-15223.974609375
2683,-15213.2080078125
2684,-15202.44140625
2685,-15191.6748046875
2686,-15180.908203125
2687,-15170.1416015625
2688,-15159.375
2689,-15148.6083984375
2690,-15137.841796875
2691,-15127.0751953125
2692,-15116.30859375
2693,-15105.5419921875
2694,-15094.775390625
2695,-15084.0087890625
2696,-15073.2421875
2697,-15062.4755859375
2698,-15051.708984375
2699,-15040.9423828125
2700,-15030.17578125
2701,-15019.4091796875
2702,-15008.642578125
2703,-14997.8759765625
2704,-14987.109375
2705,-14976.3427734375
2706,-14965.576171875
2707,-14954.8095703125
2708,-14944.04296875
2709,-14933.2763671875
2710,-14922.509765625
2711,-14911.7431640625
2712,-14900.9765625
2713,-14890.2099609375
2714,-14879.443359375
2715,-14868.6767578125
2716,-14857.91015625
2717,-14847.1435546875
2718,-14836.376953125
2719,-14825.6103515625
2720,-14814.84375
2721,-14804.0771484375
2722,-14793.310546875
2723,-14782.5439453125
2724,-14771.77734375
2725,-14761.0107421875
2726,-14750.244140625
2727,-14739.4775390625
2728,-14728.7109375
2729,-14717.9443359375
2730,-14707.177734375
2731,-14696.4111328125
2732,-14685.64453125
2733,-14674.8779296875
2734,-14664.111328125
2735,-14653.3447265625
2736,-14642.578125
2737,-14631.8115234375
2738,-14621.044921875
2739,-14610.2783203125
2740,-14599.51171875
2741,-14588.7451171875
2742,-14577.978515625
2743,-14567.2119140625
2744,-14556.4453125
2745,-14545.6787109375
2746,-14534.912109375
2747,-14524.1455078125
2748,-14513.37890625
2749,-14502.6123046875
2750,-14491.845703125
2751,-14481.0791015625
2752,-14470.3125
2753,-14459.5458984375
2754,-14448.779296875
2755,-14438.0126953125
2756,-14427.24609375
2757,-14416.4794921875
2758,-14405.712890625
2759,-14394.9462890625
2760,-14384.1796875
2761,-14373.4130859375
2762,-14362.646484375
2763,-14351.8798828125
2764,-14341.11328125
2765,-14330.3466796875
2766,-14319.580078125
2767,-14308.8134765625
2768,-14298.046875
2769,-14287.2802734375
2770,-14276.513671875
2771,-14265.7470703125
2772,-14254.98046875
2773,-14244.2138671875
2774,-14233.447265625
2775,-14222.6806640625
2776,-14211.9140625
2777,-14201.1474609375
2778,-14190.380859375
2779,-14179.6142578125
2780,-14168.84765625
2781,-14158.0810546875
2782,-14147.314453125
2783,-14136.5478515625
2784,-14125.78125
2785,-14115.0146484375
2786,-14104.248046875
2787,-14093.4814453125
2788,-14082.71484375
2789,-14071.9482421875
2790,-14061.181640625
2791,-14050.4150390625
2792,-14039.6484375
2793,-14028.8818359375
2794,-14018.115234375
2795,-14007.3486328125
2796,-13996.58203125
2797,-13985.8154296875
2798,-13975.048828125
2799,-13964.2822265625
2800,-13953.515625
2801,-13942.7490234375
2802,-13931.982421875
2803,-13921.2158203125
2804,-13910.44921875
2805,-13899.6826171875
2806,-13888.916015625
2807,-13878.1494140625
2808,-13867.3828125
2809,-13856.6162109375
2810,-13845.849609375
2811,-13835.0830078125
2812,-13824.31640625
2813,-13813.5498046875
2814,-13802.783203125
2815,-13792.0166015625
2816,-13781.25
2817,-13770.4833984375
2818,-13759.716796875
2819,-13748.9501953125
2820,-13738.18359375
2821,-13727.4169921875
2822,-13716.650390625
2823,-13705.8837890625
2824,-13695.1171875
2825,-13684.3505859375
2826,-13673.583984375
2827,-13662.8173828125
2828,-13652.05078125
2829,-13641.2841796875
2830,-13630.517578125
2831,-13619.7509765625
2832,-13608.984375
2833,-13598.2177734375
2834,-13587.451171875
2835,-13576.6845703125
2836,-13565.91796875
2837,-13555.1513671875
2838,-13544.384765625
2839,-13533.6181640625
2840,-13522.8515625
2841,-13512.0849609375
2842,-13501.318359375
2843,-13490.5517578125
2844,-13479.78515625
2845,-13469.0185546875
2846,-13458.251953125
2847,-13447.4853515625
2848,-13436.71875
2849,-13425.9521484375
2850,-13415.185546875
2851,-13404.4189453125
2852,-13393.65234375
2853,-13382.8857421875
2854,-13372.119140625
2855,-13361.3525390625
2856,-13350.5859375
2857,-13339.8193359375
2858,-13329.052734375
2859,-13318.2861328125
2860,-13307.51953125
2861,-13296.7529296875
2862,-13285.986328125
2863,-13275.2197265625
2864,-13264.453125
2865,-13253.6865234375
2866,-13242.919921875
2867,-13232.1533203125
2868,-13221.38671875
2869,-13210.6201171875
2870,-13199.853515625
2871,-13189.0869140625
2872,-13178.3203125
2873,-13167.5537109375
2874,-13156.787109375
2875,-13146.0205078125
2876,-13135.25390625
2877,-13124.4873046875
2878,-13113.720703125
2879,-13102.9541015625
2880,-13092.1875
2881,-13081.4208984375
2882,-13070.654296875
2883,-13059.8876953125
2884,-13049.12109375
2885,-13038.3544921875
2886,-13027.587890625
2887,-13016.8212890625
2888,-13006.0546875
2889,-12995.2880859375
2890,-12984.521484375
2891,-12973.7548828125
2892,-12962.98828125
2893,-12952.2216796875
2894,-12941.455078125
2895,-12930.6884765625
2896,-12919.921875
2897,-12909.1552734375
2898,-12898.388671875
2899,-12887.6220703125
2900,-12876.85546875
2901,-12866.0888671875
2902,-12855.322265625
2903,-12844.5556640625
2904,-12833.7890625
2905,-12823.0224609375
2906,-12812.255859375
2907,-12801.4892578125
2908,-12790.72265625
2909,-12779.9560546875
2910,-12769.189453125
2911,-12758.4228515625
2912,-12747.65625
2913,-12736.8896484375
2914,-12726.123046875
2915,-12715.3564453125
2916,-12704.58984375
2917,-12693.8232421875
2918,-12683.056640625
2919,-12672.2900390625
2920,-12661.5234375
2921,-12650.7568359375
2922,-12639.990234375
2923,-12629.2236328125
2924,-12618.45703125
2925,-12607.6904296875
2926,-12596.923828125
2927,-12586.1572265625
2928,-12575.390625
2929,-12564.6240234375
2930,-12553.857421875
2931,-12543.0908203125
2932,-12532.32421875
2933,-12521.5576171875
2934,-12510.791015625
2935,-12500.0244140625
2936,-12489.2578125
2937,-12478.4912109375
2938,-12467.724609375
2939,-12456.9580078125
2940,-12446.19140625
2941,-12435.4248046875
2942,-12424.658203125
2943,-12413.8916015625
2944,-12403.125
2945,-12392.3583984375
2946,-12381.591796875
2947,-12370.8251953125
2948,-12360.05859375
2949,-12349.2919921875
2950,-12338.525390625
2951,-12327.7587890625
2952,-12316.9921875
2953,-12306.2255859375
2954,-12295.458984375
2955,-12284.6923828125
2956,-12273.92578125
2957,-12263.1591796875
2958,-12252.392578125
2959,-12241.6259765625
2960,-12230.859375
2961,-12220.0927734375
2962,-12209.326171875
2963,-12198.5595703125
2964,-12187.79296875
2965,-12177.0263671875
2966,-12166.259765625
2967,-12155.4931640625
2968,-12144.7265625
2969,-12133.9599609375
2970,-12123.193359375
2971,-12112.4267578125
2972,-12101.66015625
2973,-12090.8935546875
2974,-12080.126953125
2975,-12069.3603515625
2976,-12058.59375
2977,-12047.8271484375
2978,-12037.060546875
2979,-12026.2939453125
2980,-12015.52734375
2981,-12004.7607421875
2982,-11993.994140625
2983,-11983.2275390625
2984,-11972.4609375
2985,-11961.6943359375
2986,-11950.927734375
2987,-11940.1611328125
2988,-11929.39453125
2989,-11918.6279296875
2990,-11907.861328125
2991,-11897.0947265625
2992,-11886.328125
2993,-11875.5615234375
2994,-11864.794921875
2995,-11854.0283203125
2996,-11843.26171875
2997,-11832.4951171875
2998,-11821.728515625
2999,-11810.9619140625
3000,-11800.1953125
3001,-11789.4287109375
3002,-11778.662109375
3003,-11767.8955078125
3004,-11757.12890625
3005,-11746.3623046875
3006,-11735.595703125
3007,-11724.8291015625
3008,-11714.0625
3009,-11703.2958984375
3010,-11692.529296875
3011,-11681.7626953125
3012,-11670.99609375
3013,-11660.2294921875
3014,-11649.462890625
3015,-11638.6962890625
3016,-11627.9296875
3017,-11617.1630859375
3018,-11606.396484375
3019,-11595.6298828125
3020,-11584.86328125
3021,-11574.0966796875
3022,-11563.330078125
3023,-11552.5634765625
3024,-11541.796875
3025,-11531.0302734375
3026,-11520.263671875
3027,-11509.4970703125
3028,-11498.73046875
3029,-11487.9638671875
3030,-11477.197265625
3031,-11466.4306640625
3032,-11455.6640625
3033,-11444.8974609375
3034,-11434.130859375
3035,-11423.3642578125
3036,-11412.59765625
3037,-11401.8310546875
3038,-11391.064453125
3039,-11380.2978515625
3040,-11369.53125
3041,-11358.7646484375
3042,-11347.998046875
3043,-11337.2314453125
3044,-11326.46484375
3045,-11315.6982421875
3046,-11304.931640625
3047,-11294.1650390625
3048,-11283.3984375
3049,-11272.6318359375
3050,-11261.865234375
3051,-11251.0986328125
3052,-11240.33203125
3053,-11229.5654296875
3054,-11218.798828125
3055,-11208.0322265625
3056,-11197.265625
3057,-11186.4990234375
3058,-11175.732421875
3059,-11164.9658203125
3060,-11154.19921875
3061,-11143.4326171875
3062,-11132.666015625
3063,-11121.8994140625
3064,-11111.1328125
3065,-11100.3662109375
3066,-11089.599609375
3067,-11078.8330078125
3068,-11068.06640625
3069,-11057.2998046875
3070,-11046.533203125
3071,-11035.7666015625
3072,-11025.0
3073,-11014.2333984375
3074,-11003.466796875
3075,-10992.7001953125
3076,-10981.93359375
3077,-10971.1669921875
3078,-10960.400390625
3079,-10949.6337890625
3080,-10938.8671875
3081,-10928.1005859375
3082,-10917.333984375
3083,-10906.5673828125
3084,-10895.80078125
3085,-10885.0341796875
3086,-10874.267578125
3087,-10863.5009765625
3088,-10852.734375
3089,-10841.9677734375
3090,-10831.201171875
3091,-10820.4345703125
3092,-10809.66796875
3093,-10798.9013671875
3094,-10788.134765625
3095,-10777.3681640625
3096,-10766.6015625
3097,-10755.8349609375
3098,-10745.068359375
3099,-10734.3017578125
3100,-10723.53515625
3101,-10712.7685546875
3102,-10702.001953125
3103,-10691.2353515625
3104,-10680.46875
3105,-10669.7021484375
3106,-10658.935546875
3107,-10648.1689453125
3108,-10637.40234375
3109,-10626.6357421875
3110,-10615.869140625
3111,-10605.1025390625
3112,-10594.3359375
3113,-10583.5693359375
3114,-10572.802734375
3115,-10562.0361328125
3116,-10551.26953125
3117,-10540.5029296875
3118,-10529.736328125
3119,-10518.9697265625
3120,-10508.203125
3121,-10497.4365234375
3122,-10486.669921875
3123,-10475.9033203125
3124,-10465.13671875
3125,-10454.3701171875
3126,-10443.603515625
3127,-10432.8369140625
3128,-10422.0703125
3129,-10411.3037109375
3130,-10400.537109375
3131,-10389.7705078125
3132,-10379.00390625
3133,-10368.2373046875
3134,-10357.470703125
3135,-10346.7041015625
3136,-10335.9375
3137,-10325.1708984375
3138,-10314.404296875
3139,-10303.6376953125
3140,-10292.87109375
3141,-10282.1044921875
3142,-10271.337890625
3143,-10260.5712890625
3144,-10249.8046875
3145,-10239.0380859375
3146,-10228.271484375
3147,-10217.5048828125
3148,-10206.73828125
3149,-10195.9716796875
3150,-10185.205078125
3151,-10174.4384765625
3152,-10163.671875
3153,-10152.9052734375
3154,-10142.138671875
3155,-10131.3720703125
3156,-10120.60546875
3157,-10109.8388671875
3158,-10099.072265625
3159,-10088.3056640625
3160,-10077.5390625
3161,-10066.7724609375
3162,-10056.005859375
3163,-10045.2392578125
3164,-10034.47265625
3165,-10023.7060546875
3166,-10012.939453125
3167,-10002.1728515625
3168,-9991.40625
3169,-9980.6396484375
3170,-9969.873046875
3171,-9959.1064453125
3172,-9948.33984375
3173,-9937.5732421875
3174,-9926.806640625
3175,-9916.0400390625
3176,-9905.2734375
3177,-9894.5068359375
3178,-9883.740234375
3179,-9872.9736328125
3180,-9862.20703125
3181,-9851.4404296875
3182,-9840.673828125
3183,-9829.9072265625
3184,-9819.140625
3185,-9808.3740234375
3186,-9797.607421875
3187,-9786.8408203125
3188,-9776.07421875
3189,-9765.3076171875
3190,-9754.541015625
3191,-9743.7744140625
3192,-9733.0078125
3193,-9722.2412109375
3194,-9711.474609375
3195,-9700.7080078125
3196,-9689.94140625
3197,-9679.1748046875
3198,-9668.408203125
3199,-9657.6416015625
3200,-9646.875
3201,-9636.1083984375
3202,-9625.341796875
3203,-9614.5751953125
3204,-9603.80859375
3205,-9593.0419921875
3206,-9582.275390625
3207,-9571.5087890625
3208,-9560.7421875
3209,-9549.9755859375
3210,-9539.208984375
3211,-9528.4423828125
3212,-9517.67578125
3213,-9506.9091796875
3214,-9496.142578125
3215,-9485.3759765625
3216,-9474.609375
3217,-9463.8427734375
3218,-9453.076171875
3219,-9442.3095703125
3220,-9431.54296875
3221,-9420.7763671875
3222,-9410.009765625
3223,-9399.2431640625
3224,-9388.4765625
3225,-9377.7099609375
3226,-9366.943359375
3227,-9356.1767578125
3228,-9345.41015625
3229,-9334.6435546875
3230,-9323.876953125
3231,-9313.1103515625
3232,-9302.34375
3233,-9291.5771484375
3234,-9280.810546875
3235,-9270.0439453125
3236,-9259.27734375
3237,-9248.5107421875
3238,-9237.744140625
3239,-9226.9775390625
3240,-9216.2109375
3241,-9205.4443359375
3242,-9194.677734375
3243,-9183.9111328125
3244,-9173.14453125
3245,-9162.3779296875
3246,-9151.611328125
3247,-9140.8447265625
3248,-9130.078125
3249,-9119.3115234375
3250,-9108.544921875
3251,-9097.7783203125
3252,-9087.01171875
3253,-9076.2451171875
3254,-9065.478515625
3255,-9054.7119140625
3256,-9043.9453125
3257,-9033.1787109375
3258,-9022.412109375
3259,-9011.6455078125
3260,-9000.87890625
3261,-8990.1123046875
3262,-8979.345703125
3263,-8968.5791015625
3264,-8957.8125
3265,-8947.0458984375
3266,-8936.279296875
3267,-8925.5126953125
3268,-8914.74609375
3269,-8903.9794921875
3270,-8893.212890625
3271,-8882.4462890625
3272,-8871.6796875
3273,-8860.9130859375
3274,-8850.146484375
3275,-8839.3798828125
3276,-8828.61328125
3277,-8817.8466796875
3278,-8807.080078125
3279,-8796.3134765625
3280,-8785.546875
3281,-8774.7802734375
3282,-8764.013671875
3283,-8753.2470703125
3284,-8742.48046875
3285,-8731.7138671875
3286,-8720.947265625
3287,-8710.1806640625
3288,-8699.4140625
3289,-8688.6474609375
3290,-8677.880859375
3291,-8667.1142578125
3292,-8656.34765625
3293,-8645.5810546875
3294,-8634.814453125
3295,-8624.0478515625
3296,-8613.28125
3297,-8602.5146484375
3298,-8591.748046875
3299,-8580.9814453125
3300,-8570.21484375
3301,-8559.4482421875
3302,-8548.681640625
3303,-8537.9150390625
3304,-8527.1484375
3305,-8516.3818359375
3306,-8505.615234375
3307,-8494.8486328125
3308,-8484.08203125
3309,-8473.3154296875
3310,-8462.548828125
3311,-8451.7822265625
3312,-8441.015625
3313,-8430.2490234375
3314,-8419.482421875
3315,-8408.7158203125
3316,-8397.94921875
3317,-8387.1826171875
3318,-8376.416015625
3319,-8365.6494140625
3320,-8354.8828125
3321,-8344.1162109375
3322,-8333.349609375
3323,-8322.5830078125
3324,-8311.81640625
3325,-8301.0498046875
3326,-8290.283203125
3327,-8279.5166015625
3328,-8268.75
3329,-8257.9833984375
3330,-8247.216796875
3331,-8236.4501953125
3332,-8225.68359375
3333,-8214.9169921875
3334,-8204.150390625
3335,-8193.3837890625
3336,-8182.6171875
3337,-8171.8505859375
3338,-8161.083984375
3339,-8150.3173828125
3340,-8139.55078125
3341,-8128.7841796875
3342,-8118.017578125
3343,-8107.2509765625
3344,-8096.484375
3345,-8085.7177734375
3346,-8074.951171875
3347,-8064.1845703125
3348,-8053.41796875
3349,-8042.6513671875
3350,-8031.884765625
3351,-8021.1181640625
3352,-8010.3515625
3353,-7999.5849609375
3354,-7988.818359375
3355,-7978.0517578125
3356,-7967.28515625
3357,-7956.5185546875
3358,-7945.751953125
3359,-7934.9853515625
3360,-7924.21875
3361,-7913.4521484375
3362,-7902.685546875
3363,-7891.9189453125
3364,-7881.15234375
3365,-7870.3857421875
3366,-7859.619140625
3367,-7848.8525390625
3368,-7838.0859375
3369,-7827.3193359375
3370,-7816.552734375
3371,-7805.7861328125
3372,-7795.01953125
3373,-7784.2529296875
3374,-7773.486328125
3375,-7762.7197265625
3376,-7751.953125
3377,-7741.1865234375
3378,-7730.419921875
3379,-7719.6533203125
3380,-7708.88671875
3381,-7698.1201171875
3382,-7687.353515625
3383,-7676.5869140625
3384,-7665.8203125
3385,-7655.0537109375
3386,-7644.287109375
3387,-7633.5205078125
3388,-7622.75390625
3389,-7611.9873046875
3390,-7601.220703125
3391,-7590.4541015625
3392,-7579.6875
3393,-7568.9208984375
3394,-7558.154296875
3395,-7547.3876953125
3396,-7536.62109375
3397,-7525.8544921875
3398,-7515.087890625
3399,-7504.3212890625
3400,-7493.5546875
3401,-7482.7880859375
3402,-7472.021484375
3403,-7461.2548828125
3404,-7450.48828125
3405,-7439.7216796875
3406,-7428.955078125
3407,-7418.1884765625
3408,-7407.421875
3409,-7396.6552734375
3410,-7385.888671875
3411,-7375.1220703125
3412,-7364.35546875
3413,-7353.5888671875
3414,-7342.822265625
3415,-7332.0556640625
3416,-7321.2890625
3417,-7310.5224609375
3418,-7299.755859375
3419,-7288.9892578125
3420,-7278.22265625
3421,-7267.4560546875
3422,-7256.689453125
3423,-7245.9228515625
3424,-7235.15625
3425,-7224.3896484375
3426,-7213.623046875
3427,-7202.8564453125
3428,-7192.08984375
3429,-7181.3232421875
3430,-7170.556640625
3431,-7159.7900390625
3432,-7149.0234375
3433,-7138.2568359375
3434,-7127.490234375
3435,-7116.7236328125
3436,-7105.95703125
3437,-7095.1904296875
3438,-7084.423828125
3439,-7073.6572265625
3440,-7062.890625
3441,-7052.1240234375
3442,-7041.357421875
3443,-7030.5908203125
3444,-7019.82421875
3445,-7009.0576171875
3446,-6998.291015625
3447,-6987.5244140625
3448,-6976.7578125
3449,-6965.9912109375
3450,-6955.224609375
3451,-6944.4580078125
3452,-6933.69140625
3453,-6922.9248046875
3454,-6912.158203125
3455,-6901.3916015625
3456,-6890.625
3457,-6879.8583984375
3458,-6869.091796875
3459,-6858.3251953125
3460,-6847.55859375
3461,-6836.7919921875
3462,-6826.025390625
3463,-6815.2587890625
3464,-6804.4921875
3465,-6793.7255859375
3466,-6782.958984375
3467,-6772.1923828125
3468,-6761.42578125
3469,-6750.6591796875
3470,-6739.892578125
3471,-6729.1259765625
3472,-6718.359375
3473,-6707.5927734375
3474,-6696.826171875
3475,-6686.0595703125
3476,-6675.29296875
3477,-6664.5263671875
3478,-6653.759765625
3479,-6642.9931640625
3480,-6632.2265625
3481,-6621.4599609375
3482,-6610.693359375
3483,-6599.9267578125
3484,-6589.16015625
3485,-6578.3935546875
3486,-6567.626953125
3487,-6556.8603515625
3488,-6546.09375
3489,-6535.3271484375
3490,-6524.560546875
3491,-6513.7939453125
3492,-6503.02734375
3493,-6492.2607421875
3494,-6481.494140625
3495,-6470.7275390625
3496,-6459.9609375
3497,-6449.1943359375
3498,-6438.427734375
3499,-6427.6611328125
3500,-6416.89453125
3501,-6406.1279296875
3502,-6395.361328125
3503,-6384.5947265625
3504,-6373.828125
3505,-6363.0615234375
3506,-6352.294921875
3507,-6341.5283203125
3508,-6330.76171875
3509,-6319.9951171875
3510,-6309.228515625
3511,-6298.4619140625
3512,-6287.6953125
3513,-6276.9287109375
3514,-6266.162109375
3515,-6255.3955078125
3516,-6244.62890625
3517,-6233.8623046875
3518,-6223.095703125
3519,-6212.3291015625
3520,-6201.5625
3521,-6190.7958984375
3522,-6180.029296875
3523,-6169.2626953125
3524,-6158.49609375
3525,-6147.7294921875
3526,-6136.962890625
3527,-6126.1962890625
3528,-6115.4296875
3529,-6104.6630859375
3530,-6093.896484375
3531,-6083.1298828125
3532,-6072.36328125
3533,-6061.5966796875
3534,-6050.830078125
3535,-6040.0634765625
3536,-6029.296875
3537,-6018.5302734375
3538,-6007.763671875
3539,-5996.9970703125
3540,-5986.23046875
3541,-5975.4638671875
3542,-5964.697265625
3543,-5953.9306640625
3544,-5943.1640625
3545,-5932.3974609375
3546,-5921.630859375
3547,-5910.8642578125
3548,-5900.09765625
3549,-5889.3310546875
3550,-5878.564453125
3551,-5867.7978515625
3552,-5857.03125
3553,-5846.2646484375
3554,-5835.498046875
3555,-5824.7314453125
3556,-5813.96484375
3557,-5803.1982421875
3558,-5792.431640625
3559,-5781.6650390625
3560,-5770.8984375
3561,-5760.1318359375
3562,-5749.365234375
3563,-5738.5986328125
3564,-5727.83203125
3565,-5717.0654296875
3566,-5706.298828125
3567,-5695.5322265625
3568,-5684.765625
3569,-5673.9990234375
3570,-5663.232421875
3571,-5652.4658203125
3572,-5641.69921875
3573,-5630.9326171875
3574,-5620.166015625
3575,-5609.3994140625
3576,-5598.6328125
3577,-5587.8662109375
3578,-5577.099609375
3579,-5566.3330078125
3580,-5555.56640625
3581,-5544.7998046875
3582,-5534.033203125
3583,-5523.2666015625
3584,-5512.5
3585,-5501.7333984375
3586,-5490.966796875
3587,-5480.2001953125
3588,-5469.43359375
3589,-5458.6669921875
3590,-5447.900390625
3591,-5437.1337890625
3592,-5426.3671875
3593,-5415.6005859375
3594,-5404.833984375
3595,-5394.0673828125
3596,-5383.30078125
3597,-5372.5341796875
3598,-5361.767578125
3599,-5351.0009765625
3600,-5340.234375
3601,-5329.4677734375
3602,-5318.701171875
3603,-5307.9345703125
3604,-5297.16796875
3605,-5286.4013671875
3606,-5275.634765625
3607,-5264.8681640625
3608,-5254.1015625
3609,-5243.3349609375
3610,-5232.568359375
3611,-5221.8017578125
3612,-5211.03515625
3613,-5200.2685546875
3614,-5189.501953125
3615,-5178.7353515625
3616,-5167.96875
3617,-5157.2021484375
3618,-5146.435546875
3619,-5135.6689453125
3620,-5124.90234375
3621,-5114.1357421875
3622,-5103.369140625
3623,-5092.6025390625
3624,-5081.8359375
3625,-5071.0693359375
3626,-5060.302734375
3627,-5049.5361328125
3628,-5038.76953125
3629,-5028.0029296875
3630,-5017.236328125
3631,-5006.4697265625
3632,-4995.703125
3633,-4984.9365234375
3634,-4974.169921875
3635,-4963.4033203125
3636,-4952.63671875
3637,-4941.8701171875
3638,-4931.103515625
3639,-4920.3369140625
3640,-4909.5703125
3641,-4898.8037109375
3642,-4888.037109375
3643,-4877.2705078125
3644,-4866.50390625
3645,-4855.7373046875
3646,-4844.970703125
3647,-4834.2041015625
3648,-4823.4375
3649,-4812.6708984375
3650,-4801.904296875
3651,-4791.1376953125
3652,-4780.37109375
3653,-4769.6044921875
3654,-4758.837890625
3655,-4748.0712890625
3656,-4737.3046875
3657,-4726.5380859375
3658,-4715.771484375
3659,-4705.0048828125
3660,-4694.23828125
3661,-4683.4716796875
3662,-4672.705078125
3663,-4661.9384765625
3664,-4651.171875
3665,-4640.4052734375
3666,-4629.638671875
3667,-4618.8720703125
3668,-4608.10546875
3669,-4597.3388671875
3670,-4586.572265625
3671,-4575.8056640625
3672,-4565.0390625
3673,-4554.2724609375
3674,-4543.505859375
3675,-4532.7392578125
3676,-4521.97265625
3677,-4511.2060546875
3678,-4500.439453125
3679,-4489.6728515625
3680,-4478.90625
3681,-4468.1396484375
3682,-4457.373046875
3683,-4446.6064453125
3684,-4435.83984375
3685,-4425.0732421875
3686,-4414.306640625
3687,-4403.5400390625
3688,-4392.7734375
3689,-4382.0068359375
3690,-4371.240234375
3691,-4360.4736328125
3692,-4349.70703125
3693,-4338.9404296875
3694,-4328.173828125
3695,-4317.4072265625
3696,-4306.640625
3697,-4295.8740234375
3698,-4285.107421875
3699,-4274.3408203125
3700,-4263.57421875
3701,-4252.8076171875
3702,-4242.041015625
3703,-4231.2744140625
3704,-4220.5078125
3705,-4209.7412109375
3706,-4198.974609375
3707,-4188.2080078125
3708,-4177.44140625
3709,-4166.6748046875
3710,-4155.908203125
3711,-4145.1416015625
3712,-4134.375
3713,-4123.6083984375
3714,-4112.841796875
3715,-4102.0751953125
3716,-4091.30859375
3717,-4080.5419921875
3718,-4069.775390625
3719,-4059.0087890625
3720,-4048.2421875
3721,-4037.4755859375
3722,-4026.708984375
3723,-4015.9423828125
3724,-4005.17578125
3725,-3994.4091796875
3726,-3983.642578125
3727,-3972.8759765625
3728,-3962.109375
3729,-3951.3427734375
3730,-3940.576171875
3731,-3929.8095703125
3732,-3919.04296875
3733,-3908.2763671875
3734,-3897.509765625
3735,-3886.7431640625
3736,-3875.9765625
3737,-3865.2099609375
3738,-3854.443359375
3739,-3843.6767578125
3740,-3832.91015625
3741,-3822.1435546875
3742,-3811.376953125
3743,-3800.6103515625
3744,-3789.84375
3745,-3779.0771484375
3746,-3768.310546875
3747,-3757.5439453125
3748,-3746.77734375
3749,-3736.0107421875
3750,-3725.244140625
3751,-3714.4775390625
3752,-3703.7109375
3753,-3692.9443359375
3754,-3682.177734375
3755,-3671.4111328125
3756,-3660.64453125
3757,-3649.8779296875
3758,-3639.111328125
3759,-3628.3447265625
3760,-3617.578125
3761,-3606.8115234375
3762,-3596.044921875
3763,-3585.2783203125
3764,-3574.51171875
3765,-3563.7451171875
3766,-3552.978515625
3767,-3542.2119140625
3768,-3531.4453125
3769,-3520.6787109375
3770,-3509.912109375
3771,-3499.1455078125
3772,-3488.37890625
3773,-3477.6123046875
3774,-3466.845703125
3775,-3456.0791015625
3776,-3445.3125
3777,-3434.5458984375
3778,-3423.779296875
3779,-3413.0126953125
3780,-3402.24609375
3781,-3391.4794921875
3782,-3380.712890625
3783,-3369.9462890625
3784,-3359.1796875
3785,-3348.4130859375
3786,-3337.646484375
3787,-3326.8798828125
3788,-3316.11328125
3789,-3305.3466796875
3790,-3294.580078125
3791,-3283.8134765625
3792,-3273.046875
3793,-3262.2802734375
3794,-3251.513671875
3795,-3240.7470703125
3796,-3229.98046875
3797,-3219.2138671875
3798,-3208.447265625
3799,-3197.6806640625
3800,-3186.9140625
3801,-3176.1474609375
3802,-3165.380859375
3803,-3154.6142578125
3804,-3143.84765625
3805,-3133.0810546875
3806,-3122.314453125
3807,-3111.5478515625
3808,-3100.78125
3809,-3090.0146484375
3810,-3079.248046875
3811,-3068.4814453125
3812,-3057.71484375
3813,-3046.9482421875
3814,-3036.181640625
3815,-3025.4150390625
3816,-3014.6484375
3817,-3003.8818359375
3818,-2993.115234375
3819,-2982.3486328125
3820,-2971.58203125
3821,-2960.8154296875
3822,-2950.048828125
3823,-2939.2822265625
3824,-2928.515625
3825,-2917.7490234375
3826,-2906.982421875
3827,-2896.2158203125
3828,-2885.44921875
3829,-2874.6826171875
3830,-2863.916015625
3831,-2853.1494140625
3832,-2842.3828125
3833,-2831.6162109375
3834,-2820.849609375
3835,-2810.0830078125
3836,-2799.31640625
3837,-2788.5498046875
3838,-2777.783203125
3839,-2767.0166015625
3840,-2756.25
3841,-2745.4833984375
3842,-2734.716796875
3843,-2723.9501953125
3844,-2713.18359375
3845,-2702.4169921875
3846,-2691.650390625
3847,-2680.8837890625
3848,-2670.1171875
3849,-2659.3505859375
3850,-2648.583984375
3851,-2637.8173828125
3852,-2627.05078125
3853,-2616.2841796875
3854,-2605.517578125
3855,-2594.7509765625
3856,-2583.984375
3857,-2573.2177734375
3858,-2562.451171875
3859,-2551.6845703125
3860,-2540.91796875
3861,-2530.1513671875
3862,-2519.384765625
3863,-2508.6181640625
3864,-2497.8515625
3865,-2487.0849609375
3866,-2476.318359375
3867,-2465.5517578125
3868,-2454.78515625
3869,-2444.0185546875
3870,-2433.251953125
3871,-2422.4853515625
3872,-2411.71875
3873,-2400.9521484375
3874,-2390.185546875
3875,-2379.4189453125
3876,-2368.65234375
3877,-2357.8857421875
3878,-2347.119140625
3879,-2336.3525390625
3880,-2325.5859375
3881,-2314.8193359375
3882,-2304.052734375
3883,-2293.2861328125
3884,-2282.51953125
3885,-2271.7529296875
3886,-2260.986328125
3887,-2250.2197265625
3888,-2239.453125
3889,-2228.6865234375
3890,-2217.919921875
3891,-2207.1533203125
3892,-2196.38671875
3893,-2185.6201171875
3894,-2174.853515625
3895,-2164.0869140625
3896,-2153.3203125
3897,-2142.5537109375
3898,-2131.787109375
3899,-2121.0205078125
3900,-2110.25390625
3901,-2099.4873046875
3902,-2088.720703125
3903,-2077.9541015625
3904,-2067.1875
3905,-2056.4208984375
3906,-2045.654296875
3907,-2034.8876953125
3908,-2024.12109375
3909,-2013.3544921875
3910,-2002.587890625
3911,-1991.8212890625
3912,-1981.0546875
3913,-1970.2880859375
3914,-1959.521484375
3915,-1948.7548828125
3916,-1937.98828125
3917,-1927.2216796875
3918,-1916.455078125
3919,-1905.6884765625
3920,-1894.921875
3921,-1884.1552734375
3922,-1873.388671875
3923,-1862.6220703125
3924,-1851.85546875
3925,-1841.0888671875
3926,-1830.322265625
3927,-1819.5556640625
3928,-1808.7890625
3929,-1798.0224609375
3930,-1787.255859375
3931,-1776.4892578125
3932,-1765.72265625
3933,-1754.9560546875
3934,-1744.189453125
3935,-1733.4228515625
3936,-1722.65625
3937,-1711.8896484375
3938,-1701.123046875
3939,-1690.3564453125
3940,-1679.58984375
3941,-1668.8232421875
3942,-1658.056640625
3943,-1647.2900390625
3944,-1636.5234375
3945,-1625.7568359375
3946,-1614.990234375
3947,-1604.2236328125
3948,-1593.45703125
3949,-1582.6904296875
3950,-1571.923828125
3951,-1561.1572265625
3952,-1550.390625
3953,-1539.6240234375
3954,-1528.857421875
3955,-1518.0908203125
3956,-1507.32421875
3957,-1496.5576171875
3958,-1485.791015625
3959,-1475.0244140625
3960,-1464.2578125
3961,-1453.4912109375
3962,-1442.724609375
3963,-1431.9580078125
3964,-1421.19140625
3965,-1410.4248046875
3966,-1399.658203125
3967,-1388.8916015625
3968,-1378.125
3969,-1367.3583984375
3970,-1356.591796875
3971,-1345.8251953125
3972,-1335.05859375
3973,-1324.2919921875
3974,-1313.525390625
3975,-1302.7587890625
3976,-1291.9921875
3977,-1281.2255859375
3978,-1270.458984375
3979,-1259.6923828125
3980,-1248.92578125
3981,-1238.1591796875
3982,-1227.392578125
3983,-1216.6259765625
3984,-1205.859375
3985,-1195.0927734375
3986,-1184.326171875
3987,-1173.5595703125
3988,-1162.79296875
3989,-1152.0263671875
3990,-1141.259765625
3991,-1130.4931640625
3992,-1119.7265625
3993,-1108.9599609375
3994,-1098.193359375
3995,-1087.4267578125
3996,-1076.66015625
3997,-1065.8935546875
3998,-1055.126953125
3999,-1044.3603515625
4000,-1033.59375
4001,-1022.8271484375
4002,-1012.060546875
4003,-1001.2939453125
4004,-990.52734375
4005,-979.7607421875
4006,-968.994140625
4007,-958.2275390625
4008,-947.4609375
4009,-936.6943359375
4010,-925.927734375
4011,-915.1611328125
4012,-904.39453125
4013,-893.6279296875
4014,-882.861328125
4015,-872.0947265625
4016,-861.328125
4017,-850.5615234375
4018,-839.794921875
4019,-829.0283203125
4020,-818.26171875
4021,-807.4951171875
4022,-796.728515625
4023,-785.9619140625
4024,-775.1953125
4025,-764.4287109375
4026,-753.662109375
4027,-742.8955078125
4028,-732.12890625
4029,-721.3623046875
4030,-710.595703125
4031,-699.8291015625
4032,-689.0625
4033,-678.2958984375
4034,-667.529296875
4035,-656.7626953125
4036,-645.99609375
4037,-635.2294921875
4038,-624.462890625
4039,-613.6962890625
4040,-602.9296875
4041,-592.1630859375
4042,-581.396484375
4043,-570.6298828125
4044,-559.86328125
4045,-549.0966796875
4046,-538.330078125
4047,-527.5634765625
4048,-516.796875
4049,-506.0302734375
4050,-495.263671875
4051,-484.4970703125
4052,-473.73046875
4053,-462.9638671875
4054,-452.197265625
4055,-441.4306640625
4056,-430.6640625
4057,-419.8974609375
4058,-409.130859375
4059,-398.3642578125
4060,-387.59765625
4061,-376.8310546875
4062,-366.064453125
4063,-355.2978515625
4064,-344.53125
4065,-333.7646484375
4066,-322.998046875
4067,-312.2314453125
4068,-301.46484375
4069,-290.6982421875
4070,-279.931640625
4071,-269.1650390625
4072,-258.3984375
4073,-247.6318359375
4074,-236.865234375
4075,-226.0986328125
4076,-215.33203125
4077,-204.5654296875
4078,-193.798828125
4079,-183.0322265625
4080,-172.265625
4081,-161.4990234375
4082,-150.732421875
4083,-139.9658203125
4084,-129.19921875
4085,-118.4326171875
4086,-107.666015625
4087,-96.8994140625
4088,-86.1328125
4089,-75.3662109375
4090,-64.599609375
4091,-53.8330078125
4092,-43.06640625
4093,-32.2998046875
4094,-21.533203125
4095,-10.7666015625
